value_date,stock_code,open,close,HIGH,LOW,VOLUME,SMA,EMA,SMMA,MOMENTUM,BBAND_UPPER,BBAND_LOWER,MACD,MACD_SIGNAL,RSI,STOCH,STOCHAS_SIGNAL,PSARBULL,PSARBEAR
2016-01-04,4549,2239,2143,2239,2140,67800,,2143.0,2143.0,,,,0.0,,,,,,
2016-01-05,4549,2138,2114,2139,2100,51200,,2127.0499999999997,2127.7368421052633,,,,0.4027777777778283,,0.0,,,,
2016-01-06,4549,2100,2239,2117,2030,159000,,2098.890365448505,2101.6346863468634,,,,1.6109112936815109,,0.0,,,,2239.0
2016-01-07,4549,2099,2117,2113,2043,74500,,2084.759900990099,2088.3649316661817,,,,2.0779716848896896,,0.0,,,,2117.0
2016-01-08,4549,2043,2113,2069,2020,51000,,2071.336405168526,2076.066103391858,,,,2.6976418159151763,,0.0,,,,2113.0
2016-01-12,4549,2238,2020,2320,2181,390400,,2128.1308937844724,2121.7239387142276,,,,-4.111114137347158,,74.82753079471834,,,2020.0,
2016-01-13,4549,2305,2020,2310,2220,159800,,2153.641095518138,2143.2450033361883,,,,-6.311231309583491,,63.462940694253845,,,2020.0,
2016-01-14,4549,2195,2026,2274,2166,181200,,2177.8382588603163,2163.7451393623883,,,,-8.27805556495332,,66.0416861959882,,,2026.0,
2016-01-15,4549,2267,2031,2372,2267,177100,,2217.9054091271555,2196.109078586208,,,,-12.639402973462438,-2.727833490342467,73.84170754563179,,,2031.0,
2016-01-18,4549,2310,2044,2338,2250,140700,2188.5,2241.661625167107,2216.819420407919,,2419.162090513374,1957.8379094866257,-13.979356025692141,-4.281095270974927,68.6785320880161,,,2044.0,
2016-01-19,4549,2311,2057,2383,2302,110300,2209.4,2264.2023757015318,2236.5196050539953,109.75268315445636,2457.033923362693,1961.7660766373072,-15.177555788071913,-6.012243444958232,70.19870361460376,,,2057.0,
2016-01-20,4549,2347,2076,2412,2288,152400,2227.2,2269.756290161067,2244.251304972903,108.42005676442763,2470.3950657394184,1984.0049342605814,-13.289261681464723,-7.66781821997448,61.07756894593606,,,2076.0,
2016-01-21,4549,2256,2102,2297,2166,152300,2238.4,2249.9809285553074,2234.161475098464,105.44482255712202,2458.4221807000376,2018.3778192999623,-6.96218604953674,-8.672280190466305,47.46276588896809,,,2102.0,
2016-01-22,4549,2205,2126,2269,2181,132700,2259.4,2253.0801920387566,2238.289742829412,110.21400778210118,2442.819082976663,2075.980917023337,-6.3062854757517925,-9.67271655620708,55.82556930952507,,,2126.0,
2016-01-25,4549,2305,2148,2358,2293,105400,2288.7,2267.9819164760443,2249.9644968735433,114.37684003925416,2401.181287332605,2176.218712667395,-8.263171437986784,-10.13405625627815,60.37709785463848,,,2148.0,
2016-01-26,4549,2318,2169,2376,2316,113700,2292.2,2278.7844768838822,2259.174720154541,101.52838427947599,2406.783768484022,2177.6162315159777,-9.088606109983175,-10.442653456322558,59.76495123411506,73.29931972789116,,2169.0,
2016-01-27,4549,2470,2188,2470,2364,225200,2309.6,2303.079831518555,2277.0360074803034,107.78871978513875,2435.8036449552865,2183.3963550447133,-12.793621768727917,-10.944383034519737,65.04464216443334,81.36142625607779,,2188.0,
2016-01-28,4549,2388,2216,2419,2346,121400,2324.1,2322.1249090996484,2292.092271134365,106.41592920353982,2457.3019519376494,2190.8980480623504,-14.786429650205719,-11.182941554157878,64.71409707499747,83.43653250773994,79.3657594972363,2216.0,
2016-01-29,4549,2444,2241,2537,2431,186200,2339.3,2357.799246367046,2317.748870099036,106.43522438611346,2514.425212348194,2164.1747876518066,-20.307280319460006,-11.88604425346542,70.56668880922325,88.19826907946499,84.33207594776091,2241.0,
2016-02-01,4549,2530,2276,2551,2463,209200,2355.6,2383.018776897227,2337.8133561833415,106.992706992707,2553.4670260553785,2157.7329739446213,-22.575783750891787,-12.708069582667626,68.32730034092054,87.97678275290217,86.5371947800357,2276.0,
2016-02-02,4549,2479,2314,2534,2443,143300,2365.9,2396.3026858990065,2350.9718047002684,104.37925170068027,2572.476765392432,2159.3232346075683,-21.744560520050527,-13.647547231399383,64.0583164756737,84.5749342681858,86.91666203351765,2314.0,
2016-02-03,4549,2422,2347,2465,2397,102900,2383.0,2408.5779707111515,2363.3983547173793,107.4607329842932,2590.584199784087,2175.415800215913,-20.87463218269886,-15.193374579528507,64.54762818690361,79.13419913419914,83.89530538509571,2347.0,
2016-02-04,4549,2421,2551,2508,2335,162600,2400.5,2396.71914321941,2361.2698732503286,108.06823420931305,2555.922649572061,2245.077350427939,-14.42191673295656,-16.095111385884593,52.99100378716067,66.14718614718615,76.61877318319038,,2551.0
2016-02-05,4549,2311,2465,2335,2235,123800,2401.2,2374.0410991260433,2351.6777569243964,100.30891438658429,2554.2380344881612,2248.1619655118384,-6.470128592371566,-15.895884403038458,47.52388266618513,50.38961038961038,65.22366522366524,,2465.0
2016-02-08,4549,2250,2335,2290,2238,119400,2395.8,2356.2795766517474,2343.6324071937674,97.68339768339769,2561.640405209345,2229.9595947906555,-1.062960572089196,-15.004146009939127,47.850316041840784,34.285714285714285,50.274170274170274,,2335.0
2016-02-09,4549,2230,2290,2230,2115,107500,2376.0,2314.3651544302725,2320.4728056536665,91.48387096774194,2605.8503861210584,2146.1496138789416,9.344145353386466,-12.544394107481972,38.24302318287844,19.071310116086234,34.58221159713697,,2290.0
2016-02-10,4549,2138,2230,2152,2041,145400,2343.1,2271.3808318525857,2294.83467450474,86.33720930232558,2631.8482640640455,2054.3517359359544,18.269506440236,-8.871512319655116,35.768179798830104,12.096168294515403,21.81773089877198,,2230.0
2016-02-12,4549,2001,2152,2015,1941,101800,2297.0,2211.6402415916064,2257.813724392922,80.83160083160084,2667.2085898517207,1926.791410148279,29.84970394484526,-3.298514068065641,29.90631698287777,3.4061696658097684,11.524549358803808,,2152.0
2016-02-15,4549,2024,2015,2093,2010,60400,2253.6,2187.634373091709,2239.1534279771595,82.73667462211614,2613.48909402759,1893.7109059724096,30.633574119636705,2.6136368064375244,40.48755382660806,10.404624277456648,8.635654079260613,,2015.0
2016-02-16,4549,2081,1941,2095,2033,75300,2208.1,2160.5441292334854,2218.252051626388,81.75621491579793,2549.484768260096,1866.7152317399036,32.08981860649328,8.595234487164614,38.5959552392419,13.114754098360656,8.975182680542362,1941.0,
2016-02-17,4549,2039,1944,2069,2007,118800,2169.4,2143.68441234402,2202.630866339605,84.23625254582485,2476.0270699074035,1862.7729300925967,30.777060568251727,14.334311459492458,40.70611892614915,19.89071038251366,14.470029586110327,1944.0,
2016-02-18,4549,2109,1947,2160,2078,90100,2135.8,2140.6459414331944,2194.79885313545,86.35809987819732,2371.8996399827834,1899.7003600172172,26.257575483511573,18.85425503910003,44.85795973839456,22.459016393442624,18.488160291438984,1947.0,
2016-02-19,4549,2110,1955,2128,2056,50900,2110.2,2131.061198720482,2183.778401091009,89.07849829351537,2301.7636708773343,1918.6363291226653,24.173035451251053,22.259051043946986,42.72814357447953,25.136612021857925,22.495446265938075,1955.0,
2016-02-22,4549,2078,1963,2154,2066,78600,2096.7,2132.3241739092605,2179.069595736976,94.06071271447426,2256.934952491645,1936.4650475083547,19.734311656422506,24.569859069337173,46.25151867039023,29.233314947600665,25.609647787633744,1963.0,
2016-02-23,4549,2175,1970,2208,2133,117400,2083.6,2134.812904519575,2175.677732553274,94.24681598594643,2197.4321571437517,1969.767842856248,15.756826438787357,25.282379189937274,46.81529782912456,31.016949152542374,28.462292040666995,1970.0,
2016-02-24,4549,2132,1984,2177,2104,93000,2083.4,2133.0274388581097,2170.4931591570053,99.9059708509638,2196.9330788801212,1969.866921119879,13.542544014514988,24.75716114263494,45.46709866773473,33.93167342211928,31.393979174087445,1984.0,
2016-02-25,4549,2164,1997,2194,2105,74800,2088.6,2132.658593679593,2166.462111494206,102.5012025012025,2205.5622161212746,1971.6377838787253,11.352219716598938,22.701885117274237,45.946070716544504,37.89267015706807,34.28043091057658,1997.0,
2016-02-26,4549,2139,2009,2158,2112,48300,2106.4,2130.719721662042,2161.9332578062413,109.15637860082306,2173.4474458872205,2039.35255411278,9.9338992919661,20.401921247533057,45.30329815579748,42.36641221374045,38.063585264309275,2009.0,
2016-02-29,4549,2147,2020,2150,2128,97700,2111.6,2130.952592493564,2158.8899511823247,102.49999999999999,2177.7102110116107,2045.4897889883891,8.208918933428322,17.748487950525842,46.20383695188002,54.45736434108527,44.90548223729794,2020.0,
2016-03-01,4549,2132,2031,2135,2073,76100,2117.1,2124.2317444012306,2152.3036040379393,102.69740068661109,2164.6936970616875,2069.5063029383123,8.536318306577414,15.277294365895361,43.28728375143865,58.011049723756905,51.61160875952755,2031.0,
2016-03-02,4549,2136,2041,2162,2126,45000,2125.2,2128.7362672270815,2151.968789667328,103.91682785299807,2163.2189426470495,2087.18105735295,5.9651435972405125,13.022579711865243,48.36746369384789,67.07168894289185,59.846701002578016,2041.0,
2016-03-03,4549,2132,2051,2150,2125,36800,2126.6,2130.9665244040466,2150.85861916743,100.6582040432534,2165.793877072824,2087.4061229271756,4.409236339965446,10.82660203283351,47.69817666856445,67.3469387755102,64.14322581405298,2051.0,
2016-03-04,4549,2132,2060,2149,2117,39400,2130.8,2130.790761255108,2148.7500367188454,102.01149425287358,2160.3675497801164,2101.232450219884,3.726851231601813,9.047995318964544,46.74045479389257,69.50672645739911,67.97511805860039,2060.0,
2016-03-07,4549,2124,2068,2138,2104,36300,2129.4,2129.5558966683016,2146.2507960676817,99.34518241347054,2158.796598442671,2100.003401557329,3.4266946123275375,7.677980671580119,46.195599115226585,62.02321724709784,66.29229416000237,2068.0,
2016-03-08,4549,2119,2208,2123,2072,69200,2125.3,2125.0906535114455,2142.089395911962,98.08946877912396,2155.7111821539324,2094.888817846068,3.9936410031582454,6.616991448096036,44.42937509573127,52.166064981949454,61.23200289548212,,2208.0
2016-03-09,4549,2090,2123,2118,2061,55800,2121.6,2118.3462375789295,2136.637631802086,98.25882352941177,2159.3698292291565,2083.8301707708433,5.038218006564421,5.915435702536645,42.85073383301585,39.20792079207921,51.132401007042155,,2123.0
2016-03-10,4549,2101,2118,2116,2089,50300,2119.0,2115.9194544044276,2133.4513426713625,98.7799155326138,2157.397916610145,2080.602083389855,4.806788670103742,5.345756744551939,44.956938216899545,27.716186252771617,39.696724008933415,,2118.0
2016-03-11,4549,2087,2061,2136,2077,69200,2118.8,2116.6614204458315,2132.097594933202,99.9057492931197,2157.1541392811737,2080.4458607188267,3.8106844261806145,4.857064021524416,46.819328479169315,30.269058295964125,32.39772178027164,2061.0,
2016-03-14,4549,2134,2062,2163,2120,36600,2120.0,2121.6323380075996,2133.29469050821,100.56285178236396,2160.6152680650966,2079.3847319349034,1.912399655936042,4.121073060342042,49.74899078266913,43.559718969555036,33.84832117276358,2062.0,
2016-03-15,4549,2105,2066,2147,2079,205900,2119.5,2115.698925149746,2128.8422747072213,99.76122254059217,2161.483330025138,2077.516669974862,3.105119108925919,3.8032925616404203,43.79480388078768,41.162227602905574,38.33033495614157,2066.0,
2016-03-16,4549,2078,2163,2111,2056,129000,2110.6,2105.571484068163,2121.925966649203,95.85853885528152,2160.737411181668,2060.462588818332,5.154679077186302,3.8861195324427373,41.00787765181152,30.831099195710454,38.51768192272368,,2163.0
2016-03-17,4549,2066,2111,2081,2041,86600,2101.7,2095.8309279683945,2114.9040566141466,95.84306398879029,2158.2759666289467,2045.124033371053,6.752629229082231,4.22231708771834,40.2470030178698,11.878453038674033,27.95725994576335,,2111.0
2016-03-18,4549,2041,2081,2067,2027,133000,2093.8,2087.679654151402,2108.489551000051,96.29107981220658,2154.289999173415,2033.3100008265853,7.672783595501187,4.694104752515411,40.146728479829584,10.684931506849315,17.79816124707793,,2081.0
2016-03-22,4549,2066,2027,2161,2059,173100,2096.9,2099.9199578475045,2113.15637626526,101.45951035781545,2165.848966634749,2027.951033365251,3.26146211455125,4.61275154267019,53.20473914108802,41.370558375634516,21.311314307052616,2027.0,
2016-03-23,4549,2176,2027,2193,2157,82900,2104.0,2113.7529154510776,2119.4599219212105,103.3729216152019,2187.8379389059614,2020.1620610940386,-0.7940164482338332,3.9647254921370507,55.324231224193525,68.72146118721462,40.25898368989947,2027.0,
2016-03-24,4549,2180,2033,2290,2178,128700,2122.0,2141.798209274767,2134.3547255155154,108.62068965517241,2250.018748626909,1993.981251373091,-7.759912751793763,2.5684253341484387,63.1901161585947,91.68141592920354,67.25781183068422,2033.0,
2016-03-25,4549,2277,2048,2277,2223,51200,2134.2,2157.2896108806613,2143.6421467796995,105.79572446555821,2275.9315772860787,1992.468422713921,-10.344800867159847,0.9955936348883875,58.266593974835246,85.26011560693641,81.88766424111817,2048.0,
2016-03-28,4549,2230,2062,2313,2230,90700,2153.2,2185.055380968389,2160.3149211724854,108.96226415094338,2329.0563049765337,1977.343695023466,-15.606362329338026,-0.950935474586509,64.32632700777276,89.16256157635468,88.70136437083153,2062.0,
2016-03-29,4549,2319,2082,2348,2306,100500,2171.3,2210.5000406983013,2176.8163771511895,108.44216417910448,2374.7385410879656,1967.861458912035,-19.38014398931864,-3.4492980410581264,65.30674782420368,89.77011494252874,88.06426404193992,2082.0,
2016-03-30,4549,2327,2108,2356,2309,80300,2195.9,2233.136530532538,2192.6632163693666,111.77596936333174,2412.640305434868,1979.1596945651322,-21.799955744954786,-6.44425746574047,65.97804889072316,94.97863247863248,91.3037696658386,2108.0,
2016-03-31,4549,2345,2137,2398,2345,114700,2225.5,2255.475451033181,2209.0233541348953,114.36893203883496,2440.760307534854,2010.2396924651462,-23.736399793950568,-9.831927357188558,67.40442780945317,91.57688540646424,92.10854427587513,2137.0,
2016-04-01,4549,2361,2173,2387,2301,145100,2253.1,2268.6617847605658,2220.9383619487357,113.45029239766082,2441.385846520656,2064.814153479344,-23.024756731459092,-13.242765171295256,63.57706534969372,87.58169934640523,91.37907241050063,2173.0,
2016-04-04,4549,2312,2204,2396,2284,113000,2287.2,2291.0869872936323,2238.066964574586,116.62603607996101,2436.1289763612176,2138.271023638782,-24.78819999412599,-16.359394294481618,68.04364451795205,89.39802336028751,89.5188693710523,2204.0,
2016-04-05,4549,2368,2231,2383,2262,85600,2298.1,2286.1620674876663,2240.663329279037,105.05800464037122,2420.284941789077,2175.915058210923,-19.311985210420517,-18.416946379169026,53.82653771232758,81.13207547169812,86.0372660594636,2231.0,
2016-04-06,4549,2214,2398,2241,2151,113700,2299.2,2268.132561657554,2235.291295997378,100.50551470588236,2417.090796926648,2181.3092030733515,-11.45716578685824,-18.82775227195397,47.409241253611114,68.46361185983828,79.66457023060796,,2398.0
2016-04-07,4549,2195,2241,2240,2166,78000,2293.5,2257.7448047831576,2232.8598443492783,97.4867724867725,2421.9157311235667,2165.0842688764333,-6.895143873923644,-18.44445705048328,49.432862484098294,52.20125786163522,67.26564839772387,,2241.0
2016-04-08,4549,2161,2239,2218,2119,96400,2290.8,2247.2457341594436,2229.5710331664845,98.78760664571172,2425.668231989599,2155.9317680104014,-3.087168638732237,-17.053435529304856,48.511499800087876,44.86586493987049,55.176911553781316,,2239.0
2016-04-11,4549,2175,2218,2192,2154,61300,2277.8,2235.019222548803,2224.61009229413,94.37229437229438,2427.0536096715928,2128.5463903284076,0.5085781481830054,-14.843577514026897,46.80339615017533,39.02932254802831,45.365481783178005,,2218.0
2016-04-12,4549,2182,2119,2240,2179,52100,2263.6,2225.5611729139036,2220.446184157664,93.89247311827957,2419.079130432351,2108.1208695676487,2.788525465974544,-12.11152404614586,47.104257348142966,29.654403567447048,37.84986368511528,2119.0,
2016-04-13,4549,2184,2121,2232,2172,58500,2250.5,2221.640956546563,2218.8005346128657,94.38972162740899,2401.724997933543,2099.275002066457,3.2768752845190647,-9.11004903742701,49.26724215055588,25.089605734767023,31.257777283414125,2121.0,
2016-04-14,4549,2239,2123,2271,2224,57800,2242.0,2230.6153339091675,2224.023426449305,96.39219015280136,2377.2627073512876,2106.7372926487124,0.4143892577603765,-6.505699483069293,55.51704818424025,35.961768219832734,30.235259174015596,2123.0,
2016-04-15,4549,2260,2128,2316,2260,66100,2236.4,2238.139822649313,2228.8235199900223,97.59450171821305,2361.1884610050147,2111.6115389949855,-1.5822010658771433,-3.92725515770831,55.60495497977864,46.59498207885305,35.882118677817594,2128.0,
2016-04-18,4549,2187,2139,2270,2187,60800,2222.7,2241.205310772447,2231.4423642159677,94.27257525083613,2295.3308474410155,2150.069152558984,-2.1004565945409013,-2.0148630892772417,53.6634390577771,52.68817204301075,45.0816407805655,2139.0,
2016-04-19,4549,2286,2149,2296,2227,62600,2222.9,2245.7134376893614,2234.8995490372313,100.08833922261485,2295.9941858152897,2149.8058141847105,-2.8943326287376294,-1.063437182819396,54.764064347845704,52.09080047789725,50.457984866587005,2149.0,
2016-04-20,4549,2278,2159,2293,2231,54500,2228.1,2244.4928122998576,2235.309745901625,102.37768632830362,2297.5460942026266,2158.653905797373,-2.096531534651149,-0.530258034011341,51.52871792416646,48.26347305389221,51.0141485249334,2159.0,
2016-04-21,4549,2265,2168,2292,2251,62400,2234.1,2249.3123021196748,2238.879960155809,102.71370420624153,2306.8870867668165,2161.3129132331833,-2.9688809691519964,-0.5171149596135365,54.92738606245057,50.3001200480192,50.21813119326955,2168.0,
2016-04-22,4549,2283,2176,2283,2237,53800,2240.8,2252.528247815071,2241.6928071242287,103.04545454545455,2312.1178799460563,2169.482120053944,-3.283431493637636,-0.9384493642602744,54.41378268935374,51.34474327628362,49.969445459398344,2176.0,
2016-04-25,4549,2247,2316,2247,2181,100200,2241.2,2240.0685644089995,2235.921969892322,100.18348623853211,2311.1817118967524,2171.2182881032472,0.43541170868957124,-1.1999064484030493,45.009137588242474,49.457994579945805,50.36761930141622,,2316.0
2016-04-26,4549,2172,2247,2194,2133,73200,2240.8,2228.9651876145,2230.2283907899223,99.81676591846083,2312.140311185193,2169.4596888148076,3.170154835513131,-1.211764276070375,44.510059771702906,41.48936170212766,47.4306998527857,,2247.0
2016-04-27,4549,2181,2194,2200,2145,55700,2235.6,2214.971515646625,2222.403842246595,97.64065335753176,2322.7421826671793,2148.4578173328205,6.169971172446367,-0.5722551744385984,41.81377711661041,26.73434856175973,39.2272349479444,,2194.0
2016-04-28,4549,2109,2191,2119,1972,297200,2210.3,2179.1585096765934,2201.9594380990493,88.85953324526639,2363.5058745609977,2057.0941254390027,14.19536072731944,1.1808072470276885,31.58695468419927,18.834688346883468,29.019466203590294,,2191.0
2016-05-02,4549,1968,2119,1992,1895,180600,2175.5,2132.766050059433,2174.15857452752,84.6830985915493,2398.8656195568155,1952.1343804431847,23.529600613801904,4.028591381288,26.660855660581944,11.226611226611228,18.93188271175148,,2119.0
2016-05-06,4549,1932,1992,1960,1885,148700,2138.6,2087.899492882226,2145.338126902284,83.63636363636363,2413.2666343042047,1863.933365695795,30.878019665382,7.781074969523514,24.965809758067692,6.354515050167224,12.138604874553979,,1992.0
2016-05-09,4549,1885,1960,1932,1861,126100,2103.1,2055.735947184555,2121.900954701547,84.33362753751103,2394.010914198831,1812.1890858011689,33.74840121623197,11.763845275177195,28.20005242736177,6.120887528691661,7.9006712684900435,,1960.0
2016-05-10,4549,1921,1861,1972,1846,198800,2075.9,2039.6021379746282,2106.408860642693,87.8517195176418,2361.7173542666706,1790.0826457333294,32.06840879074571,15.656877470721383,34.96258507691461,12.684365781710916,8.386589453523273,1861.0,
2016-05-11,4549,1973,1846,1988,1935,81900,2045.2,2025.856294266713,2092.166320929735,86.481726111845,2305.4011529567065,1784.9988470432934,30.082925102556374,19.364250425854053,34.77363232702376,21.01818181818182,13.274478376194807,1846.0,
2016-05-12,4549,1957,1846,1957,1923,60800,2011.4,2008.2460584844935,2075.8479836410697,85.0904278782532,2232.437915299614,1790.362084700386,29.428659628631976,22.585722416958763,32.5625755166742,23.503649635036496,19.068732411643087,1846.0,
2016-05-13,4549,1935,1851,1940,1903,81000,1985.2,1992.564956605996,2060.4617382604574,88.00366300366301,2178.5717662948737,1791.8282337051264,28.40335221364103,25.38941101452853,32.12265326209311,20.56421677802524,21.695349410414526,1851.0,
2016-05-16,4549,1932,1856,1947,1909,75600,1958.7,1978.2804187909467,2045.8143246553848,87.83845800826067,2105.628690186768,1811.7713098132324,27.20457956035193,27.726589724295813,31.597261499521906,16.902457185405808,20.323441199489192,1856.0,
2016-05-17,4549,1926,1861,1952,1917,66200,1938.0,1972.2294334694711,2035.7321241545496,90.38104089219331,2008.7333019164178,1867.2666980835822,24.12527129882369,28.82991312112962,35.967721930867114,18.270676691729324,18.579116885053466,1861.0,
2016-05-18,4549,1954,1866,2013,1945,129800,1936.3,1977.4604456272957,2032.2586736006679,99.1575817641229,1999.6974762904574,1872.9025237095425,18.713887381180484,28.294833873060572,43.04688914813137,25.077881619937692,20.083671832357613,1866.0,
2016-05-19,4549,2041,1874,2113,2034,177400,1954.9,2001.558546653628,2040.033285962576,109.66735966735968,2075.9105780500167,1833.8894219499834,9.444219060756495,25.913300472546627,53.762175160638904,43.45637583892618,28.93497805019774,1874.0,
2016-05-20,4549,2095,1893,2149,2094,91500,1978.7,2023.8206292550642,2048.4304236869752,112.61930010604453,2126.743372023199,1830.656627976801,2.2326215196455905,22.41154717292592,54.934944091972135,62.849413886384134,43.794557115082675,1893.0,
2016-05-23,4549,2124,1918,2124,2097,49300,1998.9,2040.035060403778,2054.8877040528796,110.57038199895344,2159.1059923972866,1838.6940076027136,-2.21007953286653,18.602826248080117,53.78071774482743,80.01978239366963,62.10852403965998,1918.0,
2016-05-24,4549,2111,1941,2122,2089,38100,2011.7,2050.028685837445,2058.8991140886865,106.50737163192679,2179.919023894444,1843.4809761055562,-4.318675240512675,14.780426209961332,51.86052975577949,82.70833333333333,75.19250987112902,1941.0,
2016-05-25,4549,2127,1961,2135,2094,40700,2025.5,2059.478015725825,2063.2093771755,107.0264765784114,2198.379726978034,1852.620273021966,-5.936226917012846,10.850994371556352,52.569752676067864,84.92849284928494,82.55220285876264,1961.0,
2016-05-26,4549,2135,1979,2160,2117,91300,2047.2,2075.209285649217,2071.488741119799,111.24935199585278,2220.6561616086315,1873.7438383913686,-8.879300526604766,6.70847740041793,56.87096171401353,87.5,85.04560872753943,1979.0,
2016-05-27,4549,2149,2000,2164,2100,75900,2068.0,2085.171233741679,2077.3400588833565,110.82206035379814,2225.571571039956,1910.4284289600444,-9.859864479421958,2.590205840443054,54.92056851375781,89.83957219251337,87.42268834726612,2000.0,
2016-05-30,4549,2132,2022,2169,2100,84000,2092.1,2097.867373091283,2085.106282196971,112.59143155694879,2218.77580668778,1965.4241933122196,-11.374096363701938,-1.3541683442820158,57.38008046154836,93.0957683741648,90.1451135222261,2022.0,
2016-05-31,4549,2146,2045,2158,2113,53800,2110.4,2103.346032539791,2089.395767912015,109.40874035989718,2191.4392497497356,2029.3607502502646,-10.802989121250448,-4.633821288996564,53.95618734363915,89.52941176470588,90.82158411046139,2045.0,
2016-06-01,4549,2103,2064,2106,2070,51600,2118.2,2098.919481161939,2088.356166268867,103.89805097451274,2162.1436002166415,2074.256399783358,-7.822455701880699,-6.552340707067363,48.32095816776859,81.8295739348371,88.15158469123594,2064.0,
2016-06-02,4549,2054,2169,2063,2032,48700,2112.0,2089.6613936660046,2084.320462814898,97.06161137440759,2173.0049178345485,2050.9950821654515,-4.1334038517024965,-7.259676859439373,45.11097441537267,68.18181818181817,79.8469346271204,,2169.0
2016-06-03,4549,2045,2063,2133,2045,70800,2108.1,2088.813867544018,2084.388417849239,98.1638418079096,2170.5080123061134,2045.6919876938864,-3.2167099587722987,-7.371524684540014,49.42907640492982,62.08226221079691,70.69788477581741,,2063.0
2016-06-06,4549,2053,2032,2102,2039,53800,2105.2,2087.938618898895,2084.34957538741,98.62754377662093,2169.104929387333,2041.295070612667,-2.4510491745245417,-7.164010677207999,49.316154151691705,60.597826086956516,63.620635493190555,2032.0,
2016-06-07,4549,2089,2033,2115,2080,47400,2106.9,2092.3134154658237,2087.11466121694,100.81145584725537,2170.533010301258,2043.266989698742,-3.149646410765854,-6.854390620958333,52.58261427510003,63.1321370309951,61.937408442916194,2033.0,
2016-06-08,4549,2115,2036,2141,2088,52900,2109.3,2098.4382490210337,2091.003249985851,101.1417697431018,2173.8169745105893,2044.7830254894109,-4.171784614525677,-6.33133329739399,54.17293433503228,62.85140562248996,62.19378958014721,2036.0,
2016-06-09,4549,2122,2042,2133,2107,29300,2106.6,2102.176749200796,2093.8029605554466,98.74184529356943,2166.8674041252816,2046.3325958747182,-4.412254053751894,-5.726043250097316,53.21196198769313,63.503649635036496,63.1623974295072,2042.0,
2016-06-10,4549,2131,2047,2152,2112,87600,2108.0,2109.7809766217765,2098.822721894906,100.65727699530515,2170.966657843656,2045.0333421563444,-5.5931178062696745,-5.083712299271509,56.20027809406633,71.28953771289538,65.88153099014063,2047.0,
2016-06-13,4549,2194,2055,2216,2148,163100,2107.6,2117.2753445110993,2104.0405033986312,99.81438515081207,2169.4074429175,2045.7925570825,-6.543452716739921,-4.610430476548117,57.027879465089946,69.43231441048034,68.07516725280409,2055.0,
2016-06-14,4549,2170,2071,2175,2084,209200,2109.0,2121.770736419337,2107.836488214853,100.6578947368421,2173.180994071454,2044.819005928546,-6.57003474794692,-4.471272592777698,55.57392739372258,67.52475247524752,69.41553486620778,2071.0,
2016-06-15,4549,2130,2084,2209,2130,149200,2119.0,2132.1760570725723,2114.9528987104172,104.81000481000481,2191.9328458240866,2046.0671541759132,-8.093566084323811,-4.91129061862451,60.07999172935015,68.11594202898551,68.35766963823782,2084.0,
2016-06-16,4549,2189,2084,2208,2142,107700,2130.5,2137.780410333077,2119.7576448832533,105.615234375,2190.0667692593784,2070.9332307406216,-8.137385288654968,-5.458032321944807,57.370123383752706,70.28985507246377,68.64351652556563,2084.0,
2016-06-17,4549,2178,2097,2205,2155,124700,2139.3,2144.1839720916078,2125.0819163420197,104.22062350119904,2195.27177860315,2083.3282213968505,-8.378204888759228,-6.116605179081994,58.62617841018807,75.90579710144928,71.43719806763288,2097.0,
2016-06-20,4549,2181,2108,2190,2119,160300,2147.0,2147.2414317116704,2128.6737465332008,103.69481765834934,2190.1369910865374,2103.8630089134626,-7.729584173120202,-6.6254871526769215,56.47576174555958,72.64492753623189,72.94685990338166,2108.0,
2016-06-21,4549,2150,2118,2210,2140,94900,2155.7,2156.652080492261,2135.7064103398066,104.11931818181819,2202.064210335128,2109.3357896648718,-8.806530612279857,-7.140458930205164,61.31483819461818,79.16666666666666,75.9057971014493,2118.0,
2016-06-22,4549,2200,2119,2324,2200,186000,2175.2,2186.5335204050816,2154.2358605055715,109.17215428033866,2281.0557509065993,2069.3442490934003,-14.895339499059446,-8.305246201906003,72.05652766895251,88.51454823889739,80.10871414726533,2119.0,
2016-06-23,4549,2350,2140,2380,2330,132900,2199.1,2217.7092439697767,2174.6123647166673,111.27890514393582,2344.095034397734,2054.104965602266,-20.266368904702176,-9.93560743506517,74.37998220836809,94.81481481481482,87.49867657345965,2140.0,
2016-06-24,4549,2365,2173,2365,2181,141600,2207.1,2218.853017793513,2179.5511479345637,103.73134328358209,2347.8165946148497,2066.38340538515,-17.093946754032913,-11.107884550319946,56.16567845799922,80.45356371490281,87.92764225620503,2173.0,
2016-06-27,4549,2248,2181,2315,2248,119400,2221.7,2233.0615600134793,2191.2960752825074,106.78754067875407,2366.3459124897763,2077.0540875102233,-17.78972414190821,-12.354516705204535,61.67215342454866,72.14514407684098,82.47117420218623,2181.0,
2016-06-28,4549,2280,2181,2330,2249,153800,2237.8,2245.7776400114717,2202.466503826319,107.51633986928104,2379.1811868672776,2096.418813132723,-17.99025886249956,-13.45414923611295,62.09364075819061,64.57399103139014,72.39089960771133,2181.0,
2016-06-29,4549,2337,2208,2340,2249,105400,2246.3,2249.0907963731165,2208.6198713273507,103.9008719596145,2382.649697469412,2109.9503025305885,-15.77245902809318,-14.302490762717197,57.655425803715396,68.91891891891892,68.54601800905003,2208.0,
2016-06-30,4549,2264,2380,2264,2208,110800,2253.4,2246.347015214304,2211.157890833286,103.28247803975958,2378.5980830524177,2128.2019169475825,-12.401257331073793,-14.749496589641037,54.432426346594724,61.82432432432432,65.10574475821115,,2380.0
2016-07-01,4549,2251,2264,2340,2235,105200,2268.5,2260.4657397210635,2222.4421283144106,106.94891854578923,2387.54032930062,2149.45967069938,-13.891482094029925,-15.434151914186563,61.40314976482115,64.1891891891892,64.97747747747749,,2264.0
2016-07-04,4549,2400,2208,2437,2374,172500,2290.5,2282.3810597721213,2238.297949076829,110.18047200370198,2403.0815260155955,2177.9184739844045,-17.103588630856393,-16.356047249583956,65.0497584218171,71.64835164835165,65.88728838728842,2208.0,
2016-07-05,4549,2399,2212,2400,2360,44600,2308.2,2299.4026852683164,2252.068180426739,108.04911323328785,2413.064865422124,2203.3351345778756,-18.520904177179546,-16.75888776937508,64.47431338088504,81.43776824034335,72.42510302596143,2212.0,
2016-07-06,4549,2345,2216,2360,2324,64300,2311.7,2309.69310612873,2262.461380220394,101.5079707022835,2420.309576005066,2203.0904239949336,-17.987366883380673,-16.505665322561576,62.1075899234585,79.24528301886792,77.44380096918768,2216.0,
2016-07-07,4549,2348,2220,2365,2316,37900,2309.9,2315.2034504690077,2270.2152541745104,99.23664122137404,2415.9469707252415,2203.8530292747587,-16.33428419792517,-16.42125837188294,60.20362857583456,74.94758909853249,78.54354678591464,2220.0,
2016-07-08,4549,2335,2224,2348,2304,63800,2318.0,2313.348277656448,2273.69373359244,103.64208633093526,2407.67496863674,2228.32503136326,-13.097296407870544,-15.899877512545421,56.14867655430283,66.77384780278672,73.65557330672908,2224.0,
2016-07-11,4549,2311,2228,2384,2311,85400,2323.7,2320.7394999007724,2281.7243702801334,102.48149760557249,2414.5495459537374,2232.8504540462623,-12.764649395685865,-15.31925423845501,60.19121952229206,64.17910447761194,68.63351379297708,2228.0,
2016-07-12,4549,2380,2232,2399,2347,75100,2329.5,2328.0595908279392,2289.651942178316,102.5184541901867,2421.718219457981,2237.281780542019,-12.469791436682954,-14.952291172742763,60.74791957577166,64.02966625463536,64.99420617834471,2232.0,
2016-07-13,4549,2399,2236,2399,2362,55000,2340.0,2335.5033015865242,2297.5867560013994,104.63780918727916,2423.4937123381183,2256.5062876618817,-12.255740158539538,-14.936122598016734,61.41207608517306,70.44270833333334,66.21715968852693,2236.0,
2016-07-14,4549,2375,2240,2411,2363,79400,2356.8,2347.593610389012,2308.0280899241156,107.52014324082364,2410.5162917558587,2303.0837082441417,-13.25682113346511,-14.865604713509533,64.10976976289535,75.84345479082322,70.10527645959736,2240.0,
2016-07-15,4549,2381,2243,2391,2292,93200,2355.4,2340.758408500083,2308.2252810935647,99.3975903614458,2413.048590615908,2297.7514093840923,-9.280419915813127,-13.996363745171392,52.98792763727074,67.78711484593838,71.35775932336504,2243.0,
2016-07-19,4549,2281,2246,2337,2274,110300,2347.1,2332.9841524091426,2307.202752228817,96.51406971860564,2411.1590352721646,2283.040964727835,-5.74930463287501,-12.577297129137555,51.72740314919774,56.186317321688506,66.6056289861501,2246.0,
2016-07-20,4549,2305,2249,2370,2296,113100,2346.3,2339.3506701529454,2313.282481048184,99.66329966329967,2409.08248163302,2283.5175183669803,-6.412878758519128,-11.291242893041828,58.003491082313474,51.2372634643377,58.403565210654925,2249.0,
2016-07-21,4549,2397,2252,2428,2363,64800,2348.5,2346.377821034238,2319.754236815972,100.93378607809846,2413.9721314759227,2283.0278685240773,-7.1262865124117525,-10.268132039095892,58.82703570576582,59.54545454545455,55.656345110493646,2252.0,
2016-07-22,4549,2345,2255,2402,2338,81400,2354.7,2356.4909444825703,2327.9788175637,102.64957264957263,2427.148878528246,2282.251121471754,-8.497630637393286,-9.757058064598418,60.81317606714307,72.55892255892256,61.11388018957167,2255.0,
2016-07-25,4549,2413,2258,2422,2342,132100,2362.2,2360.765318213016,2333.1809383287587,103.2537960954447,2427.712136280239,2296.6878637197606,-8.149074948956695,-9.244216459406289,58.0488604797477,72.63969171483622,68.24802293973785,2258.0,
2016-07-26,4549,2400,2437,2405,2158,220500,2353.9,2344.4443512651824,2326.9628417834047,96.47408666100254,2439.435723531169,2268.364276468831,-2.6316195628483,-8.151086251202438,46.718004456704804,59.11413969335605,68.10425132237168,,2437.0
2016-07-27,4549,2400,2405,2400,2271,230300,2350.8,2341.818105580602,2327.2665577243033,98.6869970351546,2437.3230605099043,2264.276939490096,-1.5388306988274962,-6.960318533456656,52.16126257008582,56.34005763688761,62.69796301502669,,2405.0
2016-07-28,4549,2347,2400,2359,2306,57100,2348.2,2342.032995475038,2328.8399025078,98.90249050232165,2433.938206186043,2262.461793813957,-1.3517480615519162,-5.637532636577412,53.29348545861963,58.0246913580247,57.82629622942286,,2400.0
2016-07-29,4549,2356,2158,2416,2320,126400,2348.7,2353.845178115945,2336.655914742565,100.20815986677769,2435.7358546807027,2261.664145319297,-4.137361412397695,-5.0660816917534754,58.5007940261597,74.81481481481481,63.059854603242435,2158.0,
2016-08-01,4549,2417,2163,2482,2402,138500,2363.4,2372.600600276689,2348.6903267126304,106.36363636363637,2467.339213004528,2259.460786995472,-8.203396252306902,-5.338758538357019,62.059661147591804,84.83796296296296,72.5591563786009,2163.0,
2016-08-02,4549,2445,2175,2480,2440,56700,2379.6,2388.4914002263863,2359.8212969085434,107.04960835509138,2488.114330850818,2271.0856691491817,-10.841838413138703,-5.830865166648083,62.26873957872431,92.5925925925926,84.08179012345687,2175.0,
2016-08-03,4549,2440,2187,2445,2410,59700,2386.0,2396.4020547306814,2367.039168890986,102.7027027027027,2498.498888883406,2273.501111116594,-11.001958078701136,-6.261495340680237,59.000704677569104,90.02057613168725,89.15037722908103,2187.0,
2016-08-04,4549,2417,2198,2459,2417,64000,2393.8,2407.2380447796504,2375.935253858004,103.28006728343146,2513.5791300686437,2274.0208699313566,-11.879517295970345,-6.637260524966576,60.89516270596703,89.91769547325103,90.84362139917705,2198.0,
2016-08-05,4549,2435,2209,2469,2418,58100,2397.5,2413.012945728806,2382.2417296564327,101.54038301415487,2520.3112372708665,2274.6887627291335,-11.323418387863057,-6.989965351511728,58.82182773217527,87.75720164609054,89.2318244170097,2209.0,
2016-08-08,4549,2449,2219,2453,2423,56000,2403.7,2418.28331923266,2388.217557700715,102.60504201680672,2528.5937148138414,2278.806285186158,-10.737030868905094,-7.8905666077402605,59.0865617028231,88.78600823045268,88.82030178326484,2219.0,
2016-08-09,4549,2428,2229,2459,2419,79700,2421.7,2424.231806644904,2394.495802885575,107.92602377807134,2511.997508271278,2331.4024917287215,-10.42510606009273,-8.877930536769732,59.919065802532465,88.27160493827161,88.27160493827171,2229.0,
2016-08-10,4549,2410,2239,2469,2410,32900,2435.6,2432.371478164013,2401.9462236169165,105.9656652360515,2505.6868033227493,2365.5131966772506,-10.723953695327054,-9.919286718300302,61.601912947863795,91.35802469135803,89.4718792866942,2239.0,
2016-08-12,4549,2494,2248,2552,2473,266200,2455.1,2451.5766639523754,2415.5516029314394,108.32266325224072,2519.563633158565,2390.6363668414347,-13.780898134597464,-10.99079079854472,67.27420195036328,94.43378119001919,91.35447027321636,2248.0,
2016-08-15,4549,2539,2266,2559,2512,80300,2468.6,2468.0172705064897,2428.196444040382,105.60864146240132,2542.908545941919,2394.291454058081,-15.610802120126209,-11.813835894969088,67.57325463556802,96.06791778373548,93.95324122170433,2266.0,
2016-08-16,4549,2518,2289,2518,2471,123700,2470.0,2468.559584959855,2432.476800063497,100.56980056980056,2543.9080509823,2396.0919490177,-13.09225090673226,-12.063881727590594,57.524872045790325,89.01200369344414,93.17123422239969,2289.0,
2016-08-17,4549,2476,2310,2515,2466,86300,2472.0,2470.6396604217,2437.229120483975,100.8130081300813,2545.799728996808,2398.200271003192,-11.399931595912676,-12.108101007280766,58.369950628674154,80.46709129511677,88.51567092409887,2310.0,
2016-08-18,4549,2460,2329,2489,2446,71300,2475.2,2469.432449435936,2439.9062086519743,101.3157894736842,2544.417338868251,2405.9826611317485,-9.165132936422197,-11.80650274510875,56.228153282036025,66.41025641025641,78.62978379960585,2329.0,
2016-08-19,4549,2466,2347,2476,2425,60700,2475.7,2467.8992768112207,2442.0155879402337,100.20358306188926,2544.4258321157504,2406.9741678842493,-7.2318805227255325,-11.351887426760136,55.81460817572176,58.089368258859785,68.3222386547444,2347.0,
2016-08-22,4549,2461,2363,2481,2454,52200,2478.5,2467.735771936453,2444.514029309795,101.1480114801148,2543.1792084058116,2413.8207915941884,-5.977621026597262,-10.823064110948154,56.503635905382524,47.706422018348626,57.40201556248835,2363.0,
2016-08-23,4549,2466,2378,2534,2466,97100,2486.4,2477.4201770389163,2452.1626268295267,103.23505323505324,2550.6133942414085,2422.1866057585917,-7.436964720679043,-10.491048406568856,62.21459745113634,49.89010989010989,51.89530005577285,2378.0,
2016-08-24,4549,2558,2392,2605,2539,141600,2500.3,2497.889235759114,2465.9463648775886,105.67115463076296,2584.8129575864123,2415.787042413588,-11.380613845239168,-10.56401064544798,67.99675939995186,70.58823529411765,56.06158906752547,2392.0,
2016-08-25,4549,2600,2413,2609,2558,61800,2510.1,2510.454829257457,2476.05172887217,103.9692183070069,2600.3549721622185,2419.8450278377813,-12.638449749716528,-10.437071936016764,64.45602658141277,82.50460405156538,67.66098307859772,2413.0,
2016-08-26,4549,2568,2436,2585,2561,55800,2513.6,2521.8266784833736,2485.7465564014233,101.37903861308118,2610.38925560207,2416.8107443979297,-13.377955600448786,-10.188977878274828,64.96850049807523,84.31703204047217,79.13662379538515,2436.0,
2016-08-29,4549,2599,2456,2630,2583,83000,2519.5,2536.221827850033,2497.271901206876,102.32100708103854,2628.870014172089,2410.129985827911,-14.759222465540006,-10.374196940364577,67.33537347839544,82.68608414239482,83.1692400781442,2456.0,
2016-08-30,4549,2601,2480,2638,2601,62700,2535.8,2553.9996773318453,2510.9447115619473,106.5965196276811,2659.097364124312,2412.502635875688,-16.763180882964207,-10.970113527814748,69.91527354312402,89.3353941267388,85.44617010320201,2480.0,
2016-08-31,4549,2640,2505,2644,2601,81800,2550.5,2567.27246327151,2522.5502407691956,105.92741935483872,2678.638206636441,2422.361793363559,-17.28083947682535,-11.871858698970653,68.67619119244014,92.50374812593704,88.17507546502362,2505.0,
2016-09-01,4549,2620,2530,2639,2599,40100,2566.8,2578.1320154039627,2532.9952169866647,106.61525974025975,2688.0626900575917,2445.5373099424087,-17.099536387230273,-12.968264906137847,68.67619119244014,94.29429429429429,92.04447884899012,2530.0,
2016-09-02,4549,2617,2550,2625,2596,32700,2581.5,2583.5625580577876,2540.4956954782574,105.97318163348233,2681.708782050295,2481.291217949705,-15.573745483900893,-14.034500956949362,65.04723379367822,89.3455098934551,92.04785077122888,2550.0,
2016-09-05,4549,2601,2566,2612,2570,57800,2595.3,2587.4602747745535,2546.946126077693,105.59383867044994,2660.5444633666625,2530.055536633338,-13.92324870368202,-14.755199177283025,64.4679757939644,85.99695585996956,89.87892001590639,2566.0,
2016-09-06,4549,2598,2644,2617,2571,55100,2604.2,2591.5584066337256,2553.251513599478,103.53034510115033,2646.840825508001,2561.5591744919984,-12.608350923112994,-14.891614408157896,65.02697328726252,83.40943683409436,86.25063419583977,,2644.0
2016-09-07,4549,2599,2571,2663,2581,118600,2610.4,2602.5477872457755,2563.1263624221365,102.3938223938224,2660.3775949801898,2560.4224050198104,-13.268778550936531,-14.961650941626784,69.3841063329726,87.57396449704143,85.66011906370188,2571.0,
2016-09-08,4549,2652,2571,2658,2622,85700,2617.8,2609.5390986556345,2570.9137263095263,102.88274250097389,2661.3871540709415,2574.212845929059,-12.799874835897299,-14.897419745565507,67.02874905096343,89.93993993993993,86.97444709035868,2571.0,
2016-09-09,4549,2655,2572,2655,2634,74400,2624.6,2615.259262536428,2577.922353783553,102.6428293820443,2658.176182034353,2591.0238179656467,-12.088620787689706,-14.600686225804363,67.02874905096343,91.45962732919256,89.65784392205806,2572.0,
2016-09-12,4549,2640,2573,2690,2599,152000,2631.2,2624.6666693479865,2586.8301185252803,102.53748558246829,2669.2715116590352,2593.1284883409644,-12.435198946202945,-14.119799343942,69.83573105968266,87.97127468581688,89.79028065164987,2573.0,
2016-09-13,4549,2677,2577,2683,2655,84300,2635.0,2633.272729466534,2595.3471067760856,101.44267274107821,2680.325489517534,2589.674510482466,-12.517953424390726,-13.590589782560377,70.35835328017566,86.875,88.76863400500322,2577.0,
2016-09-14,4549,2655,2581,2708,2638,100800,2642.7,2646.1322331998917,2606.2123962171186,102.9311001141987,2703.495065589274,2581.9049344107257,-13.665727119643634,-13.209055419495193,73.52041861429592,89.53488372093024,88.12705280224911,2581.0,
2016-09-15,4549,2690,2588,2737,2680,129500,2652.4,2660.2900089817294,2617.9911567111612,103.69242481918539,2728.9830268401834,2575.816973159817,-14.945274632748806,-13.13922532492274,75.29432210286417,92.152466367713,89.52078336288116,2588.0,
2016-09-16,4549,2740,2599,2806,2731,210800,2669.9,2682.600916439597,2634.49204118599,106.71012269938652,2773.214858563541,2566.5851414364593,-18.074652191379755,-13.600492379111378,79.62966738941381,92.72727272727272,91.47154093863874,2599.0,
2016-09-20,4549,2776,2619,2793,2751,84900,2687.6,2700.673477086943,2649.2428371848105,106.79462571976967,2800.571500830982,2574.6284991690177,-19.590703086718804,-14.376309286178689,79.37542634720924,90.61032863849765,91.83002257782789,2619.0,
2016-09-21,4549,2800,2637,2844,2790,102400,2710.5,2725.823753980226,2668.218553602275,108.77394636015325,2842.5037878244593,2578.4962121755407,-22.64493129012544,-15.418104034977457,82.7552054876832,93.02949061662198,92.12236399413086,2637.0,
2016-09-23,4549,2872,2661,2897,2848,94300,2733.5,2754.2194350747304,2689.5966983798885,108.67269984917043,2893.827789231952,2573.172210768048,-26.000257111196333,-16.88481317667735,84.7812978616676,94.74313022700119,92.79431649404034,2661.0,
2016-09-26,4549,2882,2694,2895,2854,77200,2757.7,2777.6340832429614,2708.937028654131,109.16319575918212,2927.6412839777477,2587.758716022252,-27.517700525115288,-18.599155369724638,84.82594761100762,96.33620689655173,94.70294258005838,2694.0,
2016-09-27,4549,2908,2722,2927,2841,91100,2786.0,2804.2460681078774,2730.443325901039,110.71563801590307,2962.8931881108083,2609.1068118891917,-29.590502204534005,-20.505300176205864,86.5661878953286,96.83168316831683,95.97034009728998,2722.0,
2016-09-28,4549,2911,2754,2931,2880,81300,2809.3,2821.6558739064453,2747.3989933906337,108.73640794900636,2978.573860947301,2640.0261390526994,-28.975460196616496,-22.333912039786508,80.7296817462438,95.35333978702806,96.1737432839656,2754.0,
2016-09-29,4549,2910,2785,2939,2900,72000,2835.3,2841.7184422870914,2765.8590941296634,109.7305389221557,2991.6049583346808,2678.9950416653196,-29.144494523668527,-24.05377508467816,82.43060558120304,96.08030592734225,96.08844296089576,2785.0,
2016-09-30,4549,2882,2815,2924,2873,70400,2855.7,2853.769634598529,2780.073184770815,107.54437869822486,2989.8075687648034,2721.5924312351963,-27.254471775098864,-25.421463656050392,76.94502650290706,93.3009708737864,94.91153886271896,2815.0,
2016-10-03,4549,2929,2839,2958,2926,71700,2878.1,2870.9024283078875,2796.865866351275,108.22320117474302,2989.668633584922,2766.5313664150776,-26.982626475294637,-26.411238576485378,79.40499388130607,95.38017324350336,94.92048334821072,2839.0,
2016-10-04,4549,3010,2862,3080,3005,197300,2903.8,2901.6474413428173,2821.179279791129,109.23463887890765,3032.9225774216384,2774.677422578362,-30.21452730387955,-27.591663489503237,83.71019249980111,92.90096406660824,93.86070272796606,2862.0,
2016-10-05,4549,3035,2905,3040,2986,123000,2926.6,2921.347906553214,2840.061351864424,108.19554277498202,3041.3630602589833,2811.8369397410165,-30.08798240926353,-28.41866916940747,77.98536399610282,90.34593724859211,92.87569151956797,2905.0,
2016-10-06,4549,3000,2940,3040,2977,122100,2945.2,2940.193741725357,2858.5552167241794,106.55160267699895,3057.4062386857663,2832.9937613142333,-29.768844868007818,-28.837401142386526,78.76725283982688,87.14953271028037,90.1321446751603,2940.0,
2016-10-07,4549,3015,2968,3020,2991,51400,2957.5,2951.976697775292,2873.199695084685,104.2678695350451,3066.2097051785504,2848.7902948214496,-27.713771921065472,-28.859186853047657,74.94516597469716,83.20738874895046,86.9009529026077,2968.0,
2016-10-11,4549,3025,2977,3060,3025,68100,2973.7,2968.8900254525115,2890.3797256109783,105.61914672216442,3081.4517517259346,2865.948248274065,-27.316068020948478,-28.606471943760376,77.31594079192747,84.6938775510204,85.01693300341714,2977.0,
2016-10-12,4549,3035,2991,3035,3010,55000,2982.8,2977.2736571884184,2902.841753072574,103.11217510259918,3087.5541884604504,2878.04581153955,-24.821743287917343,-28.1449478427938,71.82648448495445,81.92148760330579,83.27425130109229,2991.0,
2016-10-13,4549,3015,3008,3055,3015,95500,2997.8,2990.496628608706,2917.557577789435,105.17241379310344,3093.389957631582,2902.2100423684183,-23.984915982852726,-27.571661338258714,74.13388490119124,84.84848484848484,83.82128333427043,3008.0,
2016-10-14,4549,3045,3080,3085,3020,106800,3011.1,3004.0426961343956,2932.30182003224,104.53615279672579,3103.319086961473,2918.8809130385266,-23.372758546105615,-27.140359868370574,75.07600752763145,85.1228978007762,83.96429008418903,,3080.0
2016-10-17,4549,3045,3020,3100,3045,62100,3030.3,3021.489478655414,2949.071638051278,106.60247592847318,3107.36646482101,2953.23353517899,-23.854597864427433,-26.792801133829773,77.16588965746617,93.26145552560648,87.74427939162258,3020.0,
2016-10-18,4549,3100,3020,3150,3095,90200,3048.5,3041.2186643544296,2967.164474267767,106.17367706919947,3125.187678280204,2971.812321719796,-24.831393776385994,-26.19467518633049,78.8062872335826,94.87179487179486,91.08538273272593,3020.0,
2016-10-19,4549,3140,3025,3175,3125,68800,3057.5,3057.360725380897,2983.4480268585003,102.96052631578947,3147.9709898255137,2967.0290101744863,-24.728566585208227,-25.599184539213233,78.8062872335826,92.24343675417661,93.45889571719276,3025.0,
2016-10-20,4549,3145,3034,3170,3035,138300,3063.5,3059.658775311643,2992.1032241810267,101.99335548172756,3148.358706094356,2978.641293905644,-21.128850745481486,-24.639185192265863,67.55012057847135,80.70374574347332,89.27299245648169,3034.0,
2016-10-21,4549,3050,3175,3065,2961,177500,3057.5,3042.4480888913445,2989.3929017605633,98.01652892561984,3159.21037311901,2955.78962688099,-13.195847692574716,-23.026082500211334,53.223186782804184,57.796014067995316,76.91439885521517,,3175.0
2016-10-24,4549,3040,3065,3040,2973,229400,3058.0,3036.548436365645,2991.4536115861224,100.16638935108153,3158.717426496154,2957.282573503846,-9.496711850835254,-21.04615403686542,57.39386918887856,37.254901960784316,58.58488725741773,,3065.0
2016-10-25,4549,3035,3040,3060,2947,175900,3050.6,3024.630538844619,2989.4082504260673,97.56978653530378,3164.1119376982356,2937.0880623017642,-4.90047491640189,-18.832679773363704,52.98463456771569,16.208393632416787,37.08643655373223,,3040.0
2016-10-26,4549,3075,2947,3075,2996,188800,3051.6,3024.697713600143,2992.9674253857206,100.33167495854063,3164.010675649638,2939.189324350362,-4.130699917203856,-16.626655766069387,57.81689253506527,22.53731343283582,25.333536342012394,2947.0,
2016-10-27,4549,2955,3075,3025,2940,263300,3041.3,3010.570856581935,2988.3706828445215,96.62295081967213,3170.0914593441976,2912.508540655803,0.11747700278283446,-14.01662959397067,49.84727875339406,15.77424023154848,18.173315765600446,,3075.0
2016-10-28,4549,2919,3025,2919,2775,330800,3014.3,2971.3761553852196,2969.033614550124,91.19086460032626,3208.4958804918574,2820.104119508143,10.004935933149682,-10.254459172017656,38.66292480249498,12.16685979142526,16.82613781860327,,3025.0
2016-10-31,4549,2798,2919,2888,2795,156300,2991.3,2952.9441271333612,2959.1302530905277,92.58064516129032,3193.753056287149,2788.8469437128515,12.928602411147494,-6.058904040069491,45.196892620985125,11.787439613526569,13.242846545500191,,2919.0
2016-11-01,4549,2841,2888,2842,2808,80300,2961.5,2930.9542858363866,2946.417227776179,90.47923322683707,3161.226312738225,2761.773687261775,16.263742722063853,-1.5042030059281488,42.71414452610619,14.333333333333334,12.76254424609514,,2888.0
2016-11-02,4549,2810,2842,2810,2731,75700,2923.9,2898.7807793206803,2927.1755049913468,87.98722044728434,3124.152740305861,2723.6472596941394,21.62095331031287,3.2457752224934464,38.08905667375126,14.067524115755628,13.396099020871931,,2842.0
2016-11-04,4549,2720,2810,2749,2700,135500,2890.0,2868.2751830805564,2907.5579544855923,88.95765472312704,3094.5737030999,2685.4262969001,25.64365114511793,7.5612750933481845,36.82290921523026,8.41546626231994,12.272107903803056,,2810.0
2016-11-07,4549,2743,2749,2767,2728,82900,2869.4,2848.4069679750005,2892.702159032521,93.05227655986509,3080.982986083489,2657.8170139165113,26.285365028828892,11.537061413310868,39.461258777071635,8.106169296987087,10.196386558354307,,2749.0
2016-11-08,4549,2770,2700,2785,2745,48700,2843.8,2831.242064706819,2878.831943125478,91.49501661129568,3042.710633199951,2644.889366800049,26.14174473383855,14.98619693000425,39.14687044662513,10.105263157894736,8.87563290573401,2700.0,
2016-11-09,4549,2754,2785,2775,2643,174600,2818.8,2811.198052941943,2863.048748809048,91.58532480646248,3010.1777416524847,2627.4222583475157,26.763240388495888,18.41885696397089,37.04889975523235,12.931618144888288,10.381016866590125,,2785.0
2016-11-10,4549,2765,2643,2799,2749,100100,2795.5,2807.7074978615897,2855.94387392657,92.29752066115702,2928.6683145496886,2662.3316854503114,23.08353774277157,20.970641490636304,44.00236297179498,19.595536959553698,14.210806087445661,2643.0,
2016-11-11,4549,2808,2643,2818,2728,86700,2775.2,2796.12431643221,2844.7494865316826,93.11163895486936,2864.449313722877,2685.9506862771227,22.097784021273128,22.314291278205573,40.727081012152006,23.58015815959741,18.70243775467988,2643.0,
2016-11-14,4549,2755,2650,2769,2747,71200,2771.3,2788.828986171808,2835.8745378769227,98.6046511627907,2860.1551630464123,2682.444836953588,20.196726609142388,23.12186063353834,41.89157300110663,28.009259259259263,23.728318126136873,2650.0,
2016-11-15,4549,2766,2656,2787,2747,91200,2762.9,2788.314625049661,2830.887084088425,97.07317073170731,2824.566522522389,2701.2334774776114,16.90380384988066,23.1929785366291,44.810743269590155,27.546296296296298,26.37857123838441,2656.0,
2016-11-16,4549,2815,2662,2896,2815,139300,2767.5,2804.621056858814,2835.5983756802666,101.62429378531073,2851.8053972175235,2683.1946027824765,9.908477555922218,21.891592341696803,52.66420666868926,39.40609951845907,31.653885024671627,2662.0,
2016-11-17,4549,2864,2676,2888,2836,51600,2778.0,2814.508137429939,2837.9385381125458,103.81263616557735,2877.711584081312,2678.288415918688,5.745226601367904,19.680656281280132,51.04858076265621,54.49541284403669,40.4826028862641,2676.0,
2016-11-18,4549,2895,2689,2896,2848,72700,2794.4,2829.1430215335863,2843.6446843019626,106.00512632735261,2910.411033958003,2678.3889660419973,1.0887112905502363,16.88102808813806,53.93231500029298,77.16794731064765,57.02315322438121,2689.0,
2016-11-21,4549,2894,2701,2926,2885,94900,2809.3,2843.480653982025,2850.0802158724478,105.40050743022834,2940.5678178382086,2678.0321821617918,-2.6968901903278493,13.676735318786237,54.96406543456245,90.27093596059113,73.9780987050919,2701.0,
2016-11-22,4549,2858,2719,2858,2791,106500,2816.0,2839.3932623489295,2847.172194284926,102.43282498184459,2942.0285681899354,2689.9714318100646,-1.161085340757836,10.574032459980268,47.3251628372704,84.85958485958486,84.09948937694128,2719.0,
2016-11-24,4549,2832,2735,2842,2800,92300,2826.3,2836.594487376397,2844.8549748562345,103.7853730246233,2935.269904102029,2717.330095897971,-0.22419943210297788,7.984283884994208,47.59562490034983,73.4982332155477,82.8762513452413,2735.0,
2016-11-25,4549,2826,2750,2836,2797,75300,2830.6,2836.3045805806883,2843.8694773705347,101.5401146131805,2937.1840513398015,2724.0159486601983,-0.090793603718339,5.518886371106267,48.63700578515002,64.89988221436984,74.4192334298342,2750.0,
2016-11-28,4549,2825,2764,2828,2801,62400,2837.6,2832.2492022932906,2840.882529633274,102.55102040816327,2928.5646085024587,2746.635391497541,0.9715362986871696,3.3827541143890207,46.727901612543064,64.075382803298,67.49116607773857,2764.0,
2016-11-29,4549,2830,2776,2977,2830,187600,2858.5,2856.385710967238,2853.2942766707224,107.58345428156748,2960.265416522539,2756.734583477461,-5.308472268874539,0.9147234345273318,59.14566274772905,76.11111111111111,68.36212537625971,2776.0,
2016-11-30,4549,2967,2796,2991,2911,122300,2879.0,2880.861036245922,2867.064849004425,107.35821966977745,2995.5984562505278,2762.4015437494722,-10.59621738325859,-1.3635760031594246,60.8383830265769,85.9090909090909,75.36519494116675,2796.0,
2016-12-01,4549,2991,2819,3010,2940,92300,2889.0,2898.5226660193907,2878.158364104544,103.47463516330787,3019.825074049306,2758.174925950694,-13.249576618125957,-3.474109694214298,59.51069291069896,94.99431171786121,85.67150457935448,2819.0,
2016-12-02,4549,2961,2845,2964,2897,73500,2893.7,2899.882181288592,2880.9425276942166,101.64393144456103,3023.247057087401,2764.1529429125985,-11.314940511940222,-4.852293227824349,52.6566598624662,83.16831683168317,88.02390648621183,2845.0,
2016-12-05,4549,2898,3010,2905,2865,64100,2892.3,2896.449057417939,2880.948274924795,99.51640759930915,3022.0630147615507,2762.5369852384497,-8.503342516616158,-5.497454597411939,50.48253473446546,67.20297029702971,81.78853294885809,,3010.0
2016-12-06,4549,2875,2905,2882,2843,63200,2887.1,2889.0946833419503,2878.4534474322236,98.21182943603851,3018.0914501026928,2756.108549897307,-5.184619488501539,-5.944513947161239,48.33340182493786,48.053691275167786,66.14165946796028,,2905.0
2016-12-07,4549,2871,2882,2886,2851,64000,2893.0,2887.441104552505,2878.6081026890065,102.09145693016661,3016.6608264569113,2769.3391735430887,-3.8862648390545473,-6.351410103489191,50.51152343105536,41.08416547788873,52.11360901669548,,2882.0
2016-12-08,4549,2891,2843,2896,2851,96000,2897.6,2884.2699946338676,2877.7472924200797,101.62889518413598,3013.8521397652808,2781.347860234719,-2.4262627736115974,-6.6109066779217756,49.57375096396218,35.46423135464231,41.53402936923302,2843.0,
2016-12-09,4549,2851,2896,2854,2824,73400,2899.0,2877.8572683368006,2874.8725631779944,100.49382716049382,3012.5077089893302,2785.4922910106698,-0.3940686747396285,-6.762640563858087,47.57618732421961,34.39878234398782,36.9823930588397,,2896.0
2016-12-12,4549,2860,2854,2891,2830,86200,2905.6,2878.246855911928,2875.385306860207,102.3454157782516,3005.420639148457,2805.7793608515426,-0.4370736332029992,-6.221374048783471,50.73220243749937,34.39878234398782,34.75393201420606,,2854.0
2016-12-13,4549,2880,2824,2989,2871,90800,2907.3,2897.111063927941,2886.046776174419,100.57335581787521,3011.588254372228,2803.011745627772,-5.160428570218301,-5.617397514001216,59.39425994247092,50.9984639016897,39.932009529888525,2824.0,
2016-12-14,4549,3000,2827,3020,2952,61000,2904.3,2908.727234122861,2893.542098557124,98.99699097291875,3000.170954934258,2808.4290450657422,-7.22976334080613,-4.948529372076791,57.16583370969878,66.87022900763358,50.755825084437106,2827.0,
2016-12-15,4549,2949,2834,2989,2930,49400,2903.5,2919.8677370096134,2901.187888701547,99.73136333109468,2997.001871639056,2809.998128360944,-8.823474159641137,-4.671699777376893,57.89494846663161,79.08396946564885,65.65088745832412,2834.0,
2016-12-16,4549,2970,2841,2986,2951,53500,2910.9,2930.8008757351386,2909.069099831517,102.54645560908466,3015.1207273051127,2806.6792726948875,-10.092340739786778,-4.848255135506962,58.73542410505063,76.64576802507837,74.19998883278701,2841.0,
2016-12-19,4549,2975,2848,2993,2934,47000,2917.8,2934.291625601477,2913.162189848424,102.3950017355085,3022.324829586117,2813.275170413883,-9.256116863584339,-5.300643732738384,55.17702123606514,73.81342062193126,76.5143860375529,2848.0,
2016-12-20,4549,2942,2854,2955,2921,100700,2926.2,2935.329511855754,2915.8459708636165,102.94117647058823,3022.7020207042674,2829.6979792957322,-7.943715566967967,-5.751471591395431,54.00257562525736,67.68707482993197,72.71542115898059,2854.0,
2016-12-21,4549,2940,2860,2943,2902,58600,2929.4,2931.087782427435,2915.4613737772506,101.11111111111111,3021.587634745702,2837.212365254298,-5.518591133351492,-6.09506363136653,50.745591147268776,56.12244897959183,65.87431481048507,2860.0,
2016-12-22,4549,2909,2866,2926,2885,71100,2934.6,2929.4354583497193,2916.1152363995325,101.81184668989548,3018.2717395540876,2850.928260445912,-4.16870409726198,-6.514467567202347,51.86223276380998,51.36054421768708,58.39002267573701,2866.0,
2016-12-26,4549,2948,2872,3070,2947,116200,2954.2,2950.447193195225,2929.0037127597,106.87960687960687,3040.2734570004445,2868.126542999555,-8.803589669839312,-7.4440804601619375,62.9795537082443,63.793103448275865,57.092032215184965,2872.0,
2016-12-27,4549,3025,2883,3050,2984,75100,2965.6,2958.3658853415477,2935.503341483785,103.95833333333333,3038.539426924042,2892.660573075958,-9.316324836820058,-7.905846712006577,57.09194686061823,71.07558139534885,62.07640968710397,2883.0,
2016-12-28,4549,2991,2894,3025,2972,29700,2968.4,2967.753906188539,2942.953007335463,100.93896713615023,3045.6642219918617,2891.1357780081385,-10.115212493335548,-8.226452173398734,58.40568171921548,78.18428184281842,71.01765556214777,2894.0,
2016-12-29,4549,2995,2904,3030,2979,57100,2973.3,2975.435014154259,2949.6577066019627,101.65484633569739,3054.1952408983852,2892.404759101615,-10.344760676412989,-8.395484008595608,58.40568171921548,73.44173441734418,74.23386588517053,2904.0,
2016-12-30,4549,3025,2913,3095,3000,107400,2983.8,2993.537738853485,2962.1919359418434,103.53535353535352,3084.972328232615,2882.6276717673854,-13.181846810298339,-8.73876246087467,63.64944101655583,81.50594451783356,77.71065359266542,2913.0,
