value_date,stock_code,open,close,HIGH,LOW,VOLUME,SMA,EMA,SMMA,MOMENTUM,BBAND_UPPER,BBAND_LOWER,MACD,MACD_SIGNAL,RSI,STOCH,STOCHAS_SIGNAL,PSARBULL,PSARBEAR
2016-01-04,7647,38,37,38,37,6805000,,37.0,37.0,,,,0.0,,,,,,
2016-01-05,7647,37,37,38,37,4486000,,37.0,37.0,,,,0.0,,,,,,
2016-01-06,7647,37,37,38,37,5687000,,37.0,37.0,,,,0.0,,,,,37.0,
2016-01-07,7647,37,38,38,36,5708000,,36.67054455445545,36.70921779587089,,,,0.02309246799364928,,0.0,,,,38.0
2016-01-08,7647,35,37,36,35,2935000,,36.19097664751671,36.29183658518717,,,,0.059646868898454386,,0.0,,,,37.0
2016-01-12,7647,35,36,36,34,4549000,,35.621904331838856,35.80271214510873,,,,0.10583379184744501,,0.0,,,,36.0
2016-01-13,7647,34,34,36,34,7110000,,35.472050370363526,35.64884835838622,,,,0.09956499185004475,,27.84373414510401,,,34.0,
2016-01-14,7647,35,34,35,34,2775000,,35.3646566361664,35.534921931360614,,,,0.09248397967742505,,27.84373414510401,,,34.0,
2016-01-15,7647,35,34,35,34,3789000,,35.28532011302831,35.4475990742041,,,,0.08509739731240984,0.0517466108421587,27.84373414510401,,,34.0,
2016-01-18,7647,34,36,34,33,5578000,35.5,35.01533069930006,35.225343407674906,,37.736067977499786,33.263932022500214,0.11227102685840151,0.0642211693819811,20.659243998426234,,,,36.0
2016-01-19,7647,34,34,35,34,2282000,35.2,34.80791133103832,35.046771223276146,91.8918918918919,37.354065922853806,33.0459340771462,0.12655101635598953,0.07828239342153548,20.659243998426234,,,,34.0
2016-01-20,7647,35,33,35,33,2682000,34.8,34.4466939559418,34.7615349534834,89.1891891891892,36.9540659228538,32.645934077146194,0.16908389906431154,0.0970694933175701,15.900868692265192,,,33.0,
2016-01-21,7647,33,35,34,32,5110000,34.3,33.96648316572682,34.39126339629248,86.48648648648648,36.5,32.099999999999994,0.230218640276739,0.12008351246013563,12.740630180797297,,,,35.0
2016-01-22,7647,33,34,33,32,2648000,34.0,33.77949442588335,34.210868487862356,91.66666666666666,36.00000000000001,31.999999999999993,0.2251867876507987,0.13847683676595166,28.124470122773374,,,,34.0
2016-01-25,7647,33,32,34,33,4522000,33.8,33.63042050695515,34.058387066636534,94.28571428571428,35.75959179422655,31.840408205773446,0.21506893440441388,0.1506140748278371,28.12447012277339,,,32.0,
2016-01-26,7647,32,32,33,32,5452000,33.6,33.32152348818458,33.80573060812661,94.11764705882352,35.82710574513202,31.372894254867983,0.24236141708313141,0.16648034429818004,23.35014829750932,11.11111111111111,,32.0,
2016-01-27,7647,33,32,34,32,4678000,33.4,33.26107001494513,33.70903073352294,94.28571428571428,35.43960780543713,31.360392194562873,0.2122870449106813,0.1797917959907641,35.197096503044264,11.11111111111111,,32.0,
2016-01-28,7647,32,32,33,32,4214000,33.2,33.212285767795535,33.62560606496932,94.28571428571428,34.94355957741629,31.456440422583718,0.18561714203005408,0.19096065651494676,35.197096503044264,12.5,11.574074074074074,32.0,
2016-01-29,7647,33,32,34,32,4089000,33.0,33.172816579575894,33.55327454230973,94.28571428571428,34.26491106406737,31.735088935932634,0.16201541559490096,0.19648781081900227,35.197096503044264,21.428571428571427,15.01322751322751,32.0,
2016-02-01,7647,34,32,35,33,3055000,33.0,33.32598149951212,33.60412991404191,100.0,34.26491106406737,31.735088935932634,0.09833356283518668,0.19335253820557974,45.682577839739174,33.33333333333333,22.420634920634914,32.0,
2016-02-02,7647,34,32,35,33,3173000,33.0,33.45036950016075,33.64858068057825,100.0,34.26491106406737,31.735088935932634,0.05225400877150577,0.18037143928415686,45.68257783973917,45.45454545454545,33.4054834054834,32.0,
2016-02-03,7647,34,32,34,33,3717000,33.0,33.3674813964988,33.57663789648024,100.0,34.26491106406737,31.735088935932634,0.06310457083826293,0.1618032093465484,38.46447475919195,50.0,42.92929292929293,32.0,
2016-02-04,7647,33,32,34,33,2550000,33.1,33.29999865525573,33.51336639259554,103.125,34.177032961426924,32.02296703857308,0.06854923707932414,0.14439903706082902,38.46447475919195,44.44444444444444,46.63299663299663,32.0,
2016-02-05,7647,33,32,33,32,2871000,33.1,33.245008113333085,33.457579860064385,100.0,34.177032961426924,32.02296703857308,0.07016356224985998,0.12829844015476746,38.46447475919195,33.33333333333333,42.59259259259259,32.0,
2016-02-08,7647,34,32,34,33,6639000,33.1,33.20016405086324,33.408282851751224,100.0,34.177032961426924,32.02296703857308,0.06912993144269564,0.10905049730583016,38.46447475919195,33.33333333333333,37.03703703703703,32.0,
2016-02-09,7647,33,32,34,32,3348000,33.2,33.16357221541082,33.36463440466659,103.125,34.000000000000036,32.39999999999997,0.0663298438314115,0.09283303051924463,38.46447475919195,33.33333333333333,33.33333333333332,32.0,
2016-02-10,7647,32,35,33,31,8910000,33.1,32.951071076188576,33.219745725618566,96.96969696969697,34.177032961426924,32.02296703857308,0.10734328104256718,0.08413593485396831,31.30059232695079,30.0,32.22222222222221,,35.0
2016-02-12,7647,31,33,31,29,3257000,32.7,32.23007798407965,32.77446762928099,87.87878787878788,35.39072480941475,30.009275190585257,0.26715876788054516,0.09581852955237322,19.54186042361708,15.384615384615385,26.239316239316224,,33.0
2016-02-15,7647,30,31,32,30,9297000,32.6,32.1881210432251,32.69319271320724,96.96969696969697,35.31293199325011,29.88706800674989,0.23157900697017197,0.11062357890070491,42.7168484885241,25.0,23.46153846153845,,31.0
2016-02-16,7647,31,29,32,31,7098000,32.3,31.971572958656562,32.516378064111315,91.17647058823529,34.99072480941474,29.609275190585254,0.24577227749755792,0.13212560875915516,38.71390096866308,27.77777777777778,22.72079772079771,29.0,
2016-02-17,7647,30,29,31,30,1774000,31.9,31.612391212767406,32.25475895431823,88.23529411764706,34.6495454169735,29.150454583026495,0.2933594433181739,0.15770948347914526,35.165132738790604,33.33333333333333,28.70370370370369,29.0,
2016-02-18,7647,30,29,33,30,1835000,31.9,31.865094685246824,32.33193297059683,100.0,34.6495454169735,29.150454583026495,0.17990133099036143,0.17008193835814941,49.979014754575246,38.88888888888889,33.33333333333332,29.0,
2016-02-19,7647,32,29,32,31,4061000,31.8,31.889655604802748,32.29768118532914,96.96969696969697,34.45329983228432,29.14670016771568,0.14319442269168903,0.1781964784072415,46.19044062637,44.44444444444444,38.88888888888888,29.0,
2016-02-22,7647,32,29,33,32,3361000,31.7,31.909740087372715,32.267061444886785,96.96969696969697,34.237715508089906,29.162284491910093,0.11394498250915319,0.1831759285257368,46.190440626370005,55.55555555555556,46.29629629629628,29.0,
2016-02-23,7647,33,29,33,31,6062000,31.6,31.926165611209406,32.23966964094995,96.96969696969697,34.0,29.2,0.09064204930232123,0.18587728468917122,46.190440626370005,52.94117647058824,50.980392156862735,29.0,
2016-02-24,7647,32,29,32,31,5707000,31.4,31.75764905300326,32.112845532671734,93.93939393939394,33.627105745132006,29.17289425486799,0.11792223051244477,0.1870527235191576,42.19551716671433,50.0,52.83224400871459,29.0,
2016-02-25,7647,32,29,32,31,1896000,31.4,31.801739151183597,32.10132744370536,100.0,33.627105745132006,29.17289425486799,0.08689307231981758,0.1670232017901879,47.12074545572369,53.333333333333336,52.09150326797385,29.0,
2016-02-26,7647,32,29,33,31,4816000,31.8,32.01971109939148,32.192865078425605,113.79310344827587,33.543559577416275,30.056440422583727,0.017288048794497968,0.14321309532622412,51.565092866627346,60.0,54.444444444444436,29.0,
2016-02-29,7647,33,29,33,32,7068000,31.8,32.01612583205592,32.17325653549673,100.0,33.543559577416275,30.056440422583727,0.015582363518049647,0.11763643821738985,47.285202787161914,66.66666666666666,59.99999999999999,29.0,
2016-03-01,7647,32,29,33,32,6967000,31.9,32.01319290474834,32.155670951488375,103.2258064516129,33.56132477258362,30.23867522741638,0.013948879748213017,0.08659082004294977,47.285202787161914,71.42857142857143,66.03174603174601,29.0,
2016-03-02,7647,32,29,33,32,5386000,32.1,32.01079355367813,32.13989397850782,106.66666666666667,33.17703296142692,31.02296703857309,0.012414374202755596,0.06798115817766022,47.28520278716192,69.23076923076923,69.10866910866908,29.0,
2016-03-03,7647,32,29,33,32,2714000,32.0,32.00883066024255,32.12573506282405,96.96969696969697,32.89442719099993,31.105572809000073,0.010993968285859523,0.05329221879923472,47.28520278716192,72.72727272727273,71.12887112887111,29.0,
2016-03-04,7647,32,29,34,32,8785000,32.2,32.37092621805808,32.315203124866116,106.25,33.69666295470959,30.703337045290418,-0.08240674004211712,0.03147536073798247,56.906928821312036,81.81818181818183,74.59207459207458,29.0,
2016-03-07,7647,34,29,34,33,5673000,32.4,32.66716480560996,32.48533268415206,106.25,34.233030277982344,30.566969722017653,-0.14311014562822777,0.005502894634588134,56.906928821312036,90.9090909090909,81.81818181818181,29.0,
2016-03-08,7647,33,29,34,33,7345000,32.5,32.727687542538945,32.53725257061436,103.125,34.34390889145859,30.65609110854141,-0.13372977026387645,-0.022458438785003112,51.46025064893969,91.66666666666666,88.13131313131312,29.0,
2016-03-09,7647,33,29,33,32,5748000,32.6,32.59536775328857,32.483101951384285,103.2258064516129,34.20000000000002,30.99999999999999,-0.07717763479649875,-0.0406885173534827,46.65165453471998,72.72727272727273,85.1010101010101,29.0,
2016-03-10,7647,33,29,33,32,2467000,32.7,32.668943150277634,32.53515978694857,103.125,34.262049935181345,31.13795006481866,-0.08261829145506283,-0.05178922182565612,51.52930151916882,60.0,74.7979797979798,29.0,
2016-03-11,7647,33,29,34,32,4963000,32.8,32.91096935940614,32.682581808202045,103.03030303030303,34.543559577416275,31.056440422583716,-0.12986857686849618,-0.06795043742416122,55.8740820805364,66.66666666666666,66.46464646464646,29.0,
2016-03-14,7647,33,29,35,33,4940000,33.0,33.10898555574529,32.8150823809002,106.25,34.78885438199984,31.21114561800016,-0.15786212832591673,-0.08704054943239786,55.87408208053638,80.0,68.88888888888887,29.0,
2016-03-15,7647,34,29,35,33,5271000,33.2,33.270995294638126,32.93418798632648,106.25,34.94355957741628,31.45644042258373,-0.17195776728065226,-0.10752634293055428,55.8740820805364,81.81818181818183,76.16161616161615,29.0,
2016-03-16,7647,34,29,35,34,3314000,33.5,33.58537107902276,33.14173185871137,109.375,35.343908891458575,31.656091108541425,-0.22233638624190633,-0.13345193787808382,60.31680519803107,83.33333333333334,81.7171717171717,29.0,
2016-03-17,7647,34,29,35,33,2169000,33.6,33.478936845706606,33.127499258024336,103.125,35.199999999999996,32.00000000000001,-0.15734227533157252,-0.14177810846580108,49.56776857983286,72.72727272727273,79.29292929292927,29.0,
2016-03-18,7647,33,29,34,33,1785000,33.5,33.39185532526265,33.11470124879421,97.05882352941177,35.11245154965971,31.88754845034029,-0.10850424077925425,-0.13793300792702626,49.56776857983286,60.0,72.020202020202,29.0,
2016-03-22,7647,33,29,34,33,1946000,33.4,33.32060750076488,33.10319220733507,97.05882352941177,35.0,31.799999999999997,-0.0721055214602444,-0.13108586917106713,49.56776857983285,33.33333333333333,55.35353535353533,29.0,
2016-03-23,7647,33,29,34,33,1447000,33.4,33.262314289562674,33.09284148674294,100.0,35.0,31.799999999999997,-0.045247361972585054,-0.12753806107952118,49.56776857983286,33.33333333333333,42.22222222222219,29.0,
2016-03-24,7647,33,29,33,32,1303000,33.5,33.214620154231355,33.08353183962059,103.125,34.84164078649987,32.15835921350013,-0.02567393690470965,-0.12121091057392637,49.567768579832844,33.33333333333333,33.33333333333331,29.0,
2016-03-25,7647,33,29,33,32,845000,33.4,32.993777746487936,32.97491090127583,96.96969696969697,35.0,31.799999999999997,0.034509126351736086,-0.1029467213272339,43.90142100001187,22.22222222222222,29.629629629629605,29.0,
2016-03-28,7647,33,29,33,32,2433000,33.2,32.81308929047385,32.877203043213285,94.11764705882352,34.94355957741627,31.45644042258373,0.07418759047070012,-0.07716341923872092,43.90142100001187,11.11111111111111,22.2222222222222,29.0,
2016-03-29,7647,32,29,33,32,1048000,33.0,32.66525380762853,32.78930723926416,94.11764705882352,34.78885438199983,31.211145618000167,0.09876487574365456,-0.04708312556935349,43.90142100001187,0.0,11.111111111111091,29.0,
2016-03-30,7647,32,29,33,32,2222000,32.8,32.54429785601189,32.710234420668286,94.11764705882352,34.54355957741627,31.056440422583723,0.11236340536709122,-0.009894259835020434,43.90142100001187,0.0,3.7037037037036833,29.0,
2016-03-31,7647,32,29,33,32,1684000,32.5,32.44533413158817,32.63909592565402,91.42857142857143,33.50000000000001,31.499999999999993,0.11811160337521898,0.0207117266879564,43.90142100001187,0.0,0.0,29.0,
2016-04-01,7647,32,29,32,31,2099000,32.3,32.18254506942632,32.47494740205264,93.93939393939394,33.58062484748657,31.019375152513422,0.16451791583475028,0.05104752186729024,37.66463278161208,0.0,0.0,29.0,
2016-04-04,7647,31,29,32,31,2271000,32.1,31.967536179968302,32.32725918725711,93.93939393939394,33.50000000000001,30.699999999999996,0.19086989638247687,0.08026701273870371,37.664632781612085,0.0,0.0,29.0,
2016-04-05,7647,31,29,32,31,2618000,31.9,31.79162004562454,32.19437659750537,93.93939393939394,33.3,30.499999999999996,0.20283565010014115,0.10783179185789551,37.66463278161208,0.0,0.0,29.0,
2016-04-06,7647,30,29,31,30,2202000,31.6,31.46587024152782,31.97470584146643,90.9090909090909,33.199999999999996,30.000000000000004,0.2508457307066614,0.13855619937027008,31.988746432052352,0.0,0.0,29.0,
2016-04-07,7647,30,29,31,30,2357000,31.3,31.19934790756224,31.777046491662155,90.9090909090909,32.862049935181325,29.737950064818676,0.2756269738641244,0.165347071316091,31.988746432052338,0.0,0.0,29.0,
2016-04-08,7647,30,29,32,30,13133000,31.2,31.163102780956567,31.699274997550226,96.875,32.696662954709566,29.703337045290432,0.23776966720859605,0.18352285762030165,42.10679803991403,7.6923076923076925,2.564102564102544,29.0,
2016-04-11,7647,32,29,33,31,6771000,31.2,31.3152660920342,31.729370778507253,100.0,32.696662954709566,29.703337045290432,0.158675153964694,0.19017955520041716,50.10127797353492,25.0,10.897435897435876,29.0,
2016-04-12,7647,33,29,33,32,3295000,31.3,31.6215816450625,31.85652222331555,103.125,33.099999999999994,29.500000000000007,0.05409947714081298,0.18370578539749735,56.561172461879245,54.54545454545454,29.079254079254056,29.0,
2016-04-13,7647,32,29,33,32,7175000,31.4,31.872203362983257,31.970941693792575,103.125,33.439607805437106,29.36039219456289,-0.018354997580392052,0.1685428297357628,56.561172461879245,80.0,53.181818181818166,29.0,
2016-04-14,7647,33,29,34,32,5687000,31.5,32.07725743009484,32.07390558790241,103.125,33.736067977499786,29.263932022500214,-0.06683646903513818,0.14283678697244184,56.561172461879245,90.0,74.84848484848483,29.0,
2016-04-15,7647,32,29,34,32,3042000,31.7,32.24502889554692,32.166562054936406,106.4516129032258,34.07486841740758,29.32513158259242,-0.09759828624540035,0.11078476668045549,56.561172461879245,81.81818181818183,83.93939393939392,29.0,
2016-04-18,7647,33,29,33,32,3945000,31.9,32.3822964287331,32.24994393627728,106.4516129032258,34.34131112314674,29.45868887685326,-0.11541871600380205,0.07542317044668402,56.561172461879245,75.0,82.27272727272725,29.0,
2016-04-19,7647,33,29,33,31,4367000,32.0,32.31278796243231,32.22493926327057,103.2258064516129,34.36643191323985,29.633568086760153,-0.07777727998426798,0.03890950259213631,47.629454062524864,66.66666666666666,74.49494949494947,29.0,
2016-04-20,7647,32,29,33,31,2842000,32.2,32.255917407264874,32.202437011369426,106.66666666666667,34.15959179422655,30.240408205773456,-0.049903759971336115,0.002739421054862924,47.629454062524864,58.333333333333336,66.66666666666663,29.0,
2016-04-21,7647,32,29,33,32,3658000,32.5,32.39120518359774,32.28221987709995,110.00000000000001,33.84164078649989,31.158359213500116,-0.07565340255610664,-0.03208536447454849,55.73601253579269,58.333333333333336,61.111111111111065,29.0,
2016-04-22,7647,32,29,33,32,2070000,32.7,32.501895171771174,32.354019407039395,106.4516129032258,33.61651513899119,31.783484861008816,-0.09075616220768978,-0.05979995516036891,55.7360125357927,66.66666666666666,61.111111111111065,29.0,
2016-04-25,7647,33,29,33,32,3513000,32.8,32.592459700423866,32.41863489452849,103.125,33.60000000000002,31.99999999999997,-0.09818709256494174,-0.07672068512767499,55.7360125357927,75.0,66.66666666666661,29.0,
2016-04-26,7647,33,29,33,32,2212000,32.7,32.48473974085015,32.3767612402693,96.96969696969697,33.6165151389912,31.783484861008812,-0.05404256959794651,-0.08068597090740326,46.706212736314924,66.66666666666666,69.44444444444439,29.0,
2016-04-27,7647,32,29,33,32,2018000,32.6,32.396605233113675,32.33907688317128,96.96969696969697,33.57979589711329,31.62020410288671,-0.022497262822192,-0.07575939243929813,46.706212736314924,58.333333333333336,66.66666666666661,29.0,
2016-04-28,7647,32,29,32,31,3792000,32.4,32.14267698675236,32.20514285980218,93.93939393939394,33.72664991614217,31.07335008385783,0.04570236010698636,-0.05983709840014405,39.31852098865136,36.36363636363637,53.787878787878746,29.0,
2016-05-02,7647,31,29,31,30,2973000,32.2,31.934917519781973,32.08460724331549,93.93939393939394,33.69666295470958,30.70333704529042,0.09046205512688132,-0.036961457163401455,39.31852098865136,27.27272727272727,40.65656565656562,29.0,
2016-05-06,7647,32,29,33,31,5660000,32.2,32.128568891134044,32.17616110057552,100.0,33.69666295470958,30.70333704529042,0.025670090966471548,-0.025467304835541507,55.606106568221904,36.36363636363637,33.33333333333329,29.0,
2016-05-09,7647,33,29,34,32,5986000,32.3,32.28701091850064,32.25855680120996,103.125,33.86204993518133,30.73795006481866,-0.018978945756579435,-0.022031214367235208,55.6061065682219,58.333333333333336,40.65656565656562,29.0,
2016-05-10,7647,33,29,33,32,2851000,32.4,32.416645302024456,32.33271068745995,103.125,34.00000000000001,30.79999999999999,-0.04861895016011175,-0.019027386323235775,55.606106568221904,75.0,56.565656565656525,29.0,
2016-05-11,7647,33,29,33,32,3583000,32.4,32.522709795959024,32.39944736726339,100.0,34.00000000000001,30.79999999999999,-0.06718699165337227,-0.016408589594978276,55.60610656822191,75.0,69.4444444444444,29.0,
2016-05-12,7647,33,29,33,32,3196000,32.4,32.60948983532911,32.45950890670824,100.0,34.00000000000001,30.79999999999999,-0.0776888398413007,-0.01413100595901816,55.606106568221904,75.0,74.99999999999996,29.0,
2016-05-13,7647,33,29,33,31,4263000,32.2,32.316855313546995,32.313544288633075,93.93939393939394,33.94355957741627,30.456440422583732,0.009900205946649976,-0.007026253120729662,40.039018229450505,58.333333333333336,69.4444444444444,29.0,
2016-05-16,7647,31,29,32,30,4661000,32.0,31.895608885520147,32.08217027592677,93.75,34.19089023002066,29.809109769979337,0.11504043164638134,0.008255712931334043,34.79403203998993,33.33333333333333,55.55555555555551,29.0,
2016-05-17,7647,31,29,31,30,5842000,31.9,31.73277090399992,31.97394500401989,96.875,34.171563338320105,29.628436661679892,0.136518780311075,0.01834642628734389,42.85559625996688,16.666666666666664,36.11111111111106,29.0,
2016-05-18,7647,30,29,31,30,3992000,31.8,31.41772164503137,31.776536969399398,96.7741935483871,34.29799919935935,29.30200080064065,0.19301120393546967,0.02974077615496482,37.8201301829224,8.333333333333332,19.44444444444439,29.0,
2016-05-19,7647,31,29,31,30,3625000,31.8,31.341772254296703,31.698878480647103,100.0,34.29799919935935,29.30200080064065,0.17915961478874465,0.04679516769077294,44.80440379650876,16.666666666666664,13.888888888888834,29.0,
2016-05-20,7647,31,29,31,30,2906000,31.6,31.27963184393659,31.628986751264947,93.93939393939394,33.99999999999999,29.20000000000001,0.16427055236037447,0.06715622303710116,44.80440379650876,16.666666666666664,13.888888888888834,29.0,
2016-05-23,7647,31,29,31,30,3998000,31.4,31.228789690166902,31.566084932308176,93.93939393939394,33.62710574513199,29.172894254868005,0.14913732491348952,0.08912914248972352,44.80440379650876,25.0,19.44444444444439,29.0,
2016-05-24,7647,31,29,31,30,3492000,31.2,31.18719156446333,31.509473892601704,93.93939393939394,33.15959179422652,29.240408205773477,0.13430445400438984,0.11151708089614153,44.80440379650875,25.0,22.22222222222217,29.0,
2016-05-25,7647,31,29,32,30,3297000,31.1,31.334974917014726,31.558528489256346,96.96969696969697,32.76132477258359,29.438675227416415,0.07397746761176194,0.1283688928353707,52.04890804335,33.33333333333333,27.777777777777725,29.0,
2016-05-26,7647,32,29,32,31,2870000,30.9,31.27407038643408,31.50267360523626,93.93939393939394,31.97703296142685,29.822967038573147,0.07701833970872585,0.13582646325337913,45.60302296490345,33.33333333333333,30.5555555555555,29.0,
2016-05-27,7647,31,29,32,30,2596000,30.9,31.224239406938953,31.452404596298813,100.0,31.97703296142685,29.822967038573147,0.0767069815903696,0.1315671910249334,45.60302296490345,36.36363636363637,34.34343434343429,29.0,
2016-05-30,7647,31,29,32,31,3378000,31.0,31.183468605581275,31.407162801462977,103.33333333333334,31.89442719099986,30.10557280900014,0.07413600160156619,0.12463577116832131,45.603022964903445,30.0,33.232323232323175,29.0,
2016-05-31,7647,31,29,32,31,2866000,31.0,31.150110677229474,31.366445439806593,100.0,31.89442719099986,30.10557280900014,0.07011453840809878,0.11098058610972454,45.603022964903445,33.33333333333333,33.232323232323175,29.0,
2016-06-01,7647,31,29,32,31,3357000,31.1,31.122817826781073,31.329800019807678,103.33333333333334,31.699999999999925,30.500000000000078,0.06523494692375564,0.09832228968028131,45.60302296490345,33.33333333333333,32.222222222222165,29.0,
2016-06-02,7647,31,29,31,31,2668000,31.1,31.100487312792065,31.296819308255706,100.0,31.699999999999925,30.500000000000078,0.059924609825518615,0.08672829606529733,45.60302296490345,37.5,34.722222222222165,29.0,
2016-06-03,7647,31,29,31,30,3763000,31.1,31.082216892265127,31.26713680268007,100.0,31.699999999999925,30.500000000000078,0.054486086034685854,0.07621149174543025,45.60302296490346,42.857142857142854,37.89682539682534,29.0,
2016-06-06,7647,31,29,31,30,3103000,31.1,31.067268366385832,31.24042265686641,100.0,31.699999999999925,30.500000000000078,0.04912812888274942,0.06674745562080354,45.60302296490346,50.0,43.452380952380906,29.0,
2016-06-07,7647,31,29,32,30,3276000,31.1,31.05503775430704,31.216380014089182,100.0,31.699999999999925,30.500000000000078,0.043989569350557645,0.06341546692511418,45.60302296490345,50.0,47.61904761904757,29.0,
2016-06-08,7647,31,29,31,30,2794000,31.0,31.04503088988179,31.1947417072379,96.875,31.0,31.0,0.03915763464179989,0.05920872191767796,45.60302296490345,50.0,49.99999999999995,29.0,
2016-06-09,7647,31,29,31,30,2654000,30.9,30.85502527344976,31.075266018666916,96.7741935483871,31.499999999999908,30.30000000000009,0.0808357797639232,0.059667477270295026,36.19726968207556,33.33333333333333,44.4444444444444,29.0,
2016-06-10,7647,30,29,31,30,3091000,30.8,30.699566132762357,30.967738187347294,96.7741935483871,31.599999999999927,30.000000000000075,0.10656142347600905,0.0632703019230109,36.19726968207556,16.666666666666664,33.333333333333286,29.0,
2016-06-13,7647,30,29,31,30,2184000,30.7,30.572372290401646,30.870963372758098,96.7741935483871,31.616515138991097,29.7834848610089,0.12069689251359605,0.06889056349028838,36.19726968207556,0.0,16.666666666666618,29.0,
2016-06-14,7647,30,29,30,29,6893000,30.5,30.28648641934545,30.68386530269463,93.54838709677419,31.841640786499816,29.158359213500184,0.17270561184072974,0.08083174848106328,28.782705694150238,0.0,5.55555555555551,29.0,
2016-06-15,7647,29,35,30,28,4542000,30.4,30.23439797945342,30.615478202401697,96.7741935483871,31.726649916142097,29.0733500838579,0.1564436507542446,0.09155608636203283,41.65359583649252,22.22222222222222,7.407407407407362,,35.0
2016-06-16,7647,29,30,29,28,3354000,30.2,30.00996198315023,30.453929170265344,93.54838709677419,31.696662954709513,28.703337045290485,0.1867757482762329,0.10625493772220472,34.86738727874548,27.27272727272727,16.498316498316452,,30.0
2016-06-17,7647,29,29,29,28,3745000,29.9,29.644514349798328,30.208534596444775,90.32258064516128,31.78679622641126,28.01320377358874,0.24771514426949182,0.12832016165406498,29.662950531993488,25.0,24.831649831649784,,29.0
2016-06-20,7647,29,28,29,28,10341000,29.7,29.527329922548663,30.087680402442345,93.54838709677419,31.49999999999993,27.90000000000007,0.23519057811462574,0.1495647181834059,39.4035598333916,16.666666666666664,22.979797979797933,28.0,
2016-06-21,7647,28,28,29,28,3952000,29.4,29.24963357296798,29.878911220490295,90.32258064516128,31.23303027798225,27.566969722017745,0.265629622596002,0.17472827240053945,34.289684360019905,8.333333333333332,16.666666666666618,28.0,
2016-06-22,7647,28,28,29,28,7956000,29.1,29.022427468774325,29.691019173658997,90.32258064516128,30.761324772583514,27.43867522741649,0.2780612951861343,0.1966422185585629,34.289684360019905,8.333333333333332,11.111111111111063,28.0,
2016-06-23,7647,29,28,29,28,7420000,28.9,28.83653156534899,29.521916507220244,93.33333333333333,30.561324772583504,27.238675227416493,0.2779208491577734,0.21568215474542562,34.289684360019905,0.0,5.555555555555507,28.0,
2016-06-24,7647,28,29,29,22,4993000,28.4,28.13898037161288,29.06972305372796,83.33333333333334,31.112931993250026,25.68706800674997,0.4077359045024984,0.2475753782997481,23.070748257191966,16.666666666666664,8.333333333333284,,29.0
2016-06-27,7647,26,28,27,25,1870000,28.0,27.750074849484893,28.76274964691888,86.66666666666667,30.828427124746103,25.171572875253897,0.43691114540427733,0.2769315486956978,31.156402606267818,30.434782608695656,15.700483091787396,,28.0
2016-06-28,7647,26,27,27,26,1502000,27.8,27.613697604119253,28.586474112989926,93.10344827586206,30.59999999999991,25.000000000000092,0.39706327360714155,0.3036670623460197,38.156475743891484,42.857142857142854,29.98619737750168,,27.0
2016-06-29,7647,27,22,28,26,2863000,27.5,27.502116221548935,28.427826240609225,90.0,29.908318915758347,25.091681084241653,0.3578719981519214,0.3226777567766518,38.156475743891484,51.85185185185185,41.714592439230074,22.0,
2016-06-30,7647,28,22,28,27,1617000,27.4,27.592640544905784,28.385043504641956,96.55172413793103,29.627105745131885,25.172894254868112,0.27417722736654326,0.3256179882318797,44.68011122963244,59.25925925925925,51.32275132275128,22.0,
2016-07-01,7647,28,22,28,27,3583000,27.4,27.666705900378872,28.346539063533676,100.0,29.627105745131885,25.172894254868112,0.20908608321887812,0.32271748879901885,44.68011122963244,65.38461538461539,58.831908831908784,22.0,
2016-07-04,7647,28,22,29,28,2133000,27.3,27.727304827583662,28.311885083758632,96.55172413793103,29.30997512422404,25.290024875775963,0.15859096769340297,0.3108243049209523,44.68011122963244,72.0,65.54795821462484,22.0,
2016-07-05,7647,28,22,30,28,4635000,27.4,27.958703949844132,28.38069670659535,103.57142857142858,29.627105745131885,25.172894254868112,0.07337609061429973,0.2880815044129707,51.12003061824828,79.16666666666666,72.18376068376064,22.0,
2016-07-06,7647,29,22,29,28,2292000,27.4,27.966212322599823,28.342626970602296,100.0,29.627105745131885,25.172894254868112,0.059588293987367535,0.2638223316162589,45.425201712324416,79.16666666666666,76.77777777777774,22.0,
2016-07-07,7647,28,22,29,28,2687000,27.4,27.972355536672634,28.308364220621932,100.0,29.627105745131885,25.172894254868112,0.048421530302015015,0.22389851226064966,45.42520171232442,79.16666666666666,79.16666666666663,22.0,
2016-07-08,7647,28,22,28,26,3027000,27.6,27.795563620912738,28.1775276166858,108.0,29.19999999999984,26.000000000000163,0.08552644310329782,0.1848557675605408,40.227811240853136,70.83333333333334,76.38888888888887,22.0,
2016-07-11,7647,27,22,28,27,3780000,27.7,27.650915689836868,28.059774707699372,103.84615384615385,28.98062484748637,26.419375152513627,0.10801203198775511,0.15273896293616454,40.227811240853136,66.66666666666666,72.2222222222222,22.0,
2016-07-12,7647,28,22,28,27,3624000,27.7,27.532567382593246,27.95379711760201,100.0,28.98062484748637,26.419375152513627,0.11990959886859898,0.12629869634912871,40.227811240853136,62.5,66.66666666666666,22.0,
2016-07-13,7647,27,22,28,27,3742000,27.8,27.61755513121298,27.95841741052388,103.7037037037037,28.999999999999797,26.600000000000204,0.07811996422821466,0.10451455600042554,47.70145116381989,66.66666666666666,65.27777777777776,22.0,
2016-07-14,7647,28,22,29,28,2570000,27.9,27.8689087437205,28.062575764467493,103.57142857142858,29.299999999999827,26.50000000000017,0.0012740588422737176,0.08142433106969173,53.9079127190818,71.42857142857143,66.86507936507935,22.0,
2016-07-15,7647,29,22,29,28,3208000,27.9,27.89274351758956,28.056318182884326,100.0,29.299999999999827,26.50000000000017,-0.004630063576222199,0.06328866092862226,47.79907476796734,70.58823529411765,69.5611577964519,22.0,
2016-07-19,7647,28,22,29,28,4947000,27.9,27.912244696209687,28.050686360435392,100.0,29.299999999999827,26.50000000000017,-0.008484236795979427,0.054193068994146804,47.79907476796735,61.53846153846154,67.85175608705019,22.0,
2016-07-20,7647,28,22,28,27,3193000,27.7,27.746382024171275,27.945617654534495,93.10344827586206,28.980624847486375,26.419375152513624,0.03532168397789448,0.05149677899309424,42.246818942572496,41.66666666666667,57.93112116641527,22.0,
2016-07-21,7647,28,22,29,27,3700000,27.7,27.792494383412926,27.95105589233521,100.0,28.980624847486375,26.419375152513624,0.017734255479052052,0.0480870817905428,48.66810423023325,41.66666666666667,48.290598290598275,22.0,
2016-07-22,7647,28,22,29,28,3954000,27.7,27.830222677337893,27.95595030573756,100.0,28.980624847486375,26.419375152513624,0.0052832498646964154,0.0391711714306982,48.66810423023325,41.66666666666667,41.66666666666665,22.0,
2016-07-25,7647,28,22,29,27,5944000,27.8,27.861091281458304,27.960355277298856,103.7037037037037,28.999999999999797,26.600000000000204,-0.0033076847011486166,0.026802314020820006,48.66810423023325,50.0,44.44444444444442,22.0,
2016-07-26,7647,28,22,28,27,3515000,27.9,27.886347412102268,27.964319751298365,103.7037037037037,28.977032961426676,26.82296703857332,-0.009021311647430252,0.012476657296816759,48.66810423023325,54.54545454545454,48.73737373737371,22.0,
2016-07-27,7647,28,22,28,27,2887000,28.0,27.90701151899278,27.96788777756934,103.7037037037037,28.89442719099965,27.10557280900035,-0.012611418760521076,0.002395392520290566,48.66810423023325,60.0,54.848484848484816,22.0,
2016-07-28,7647,28,22,29,27,3621000,28.0,27.923918515539555,27.971099000947067,100.0,28.89442719099965,27.10557280900035,-0.014653601459940546,0.0006256524867112034,48.66810423023325,66.66666666666666,60.404040404040366,22.0,
2016-07-29,7647,28,22,29,28,3171000,27.9,27.937751512714186,27.97398910177143,96.55172413793103,28.499999999999602,27.300000000000395,-0.015585122011614772,-0.0005915762283324158,48.66810423023325,62.5,63.05555555555552,22.0,
2016-08-01,7647,28,22,28,27,3784000,27.9,27.94906941949343,27.976590192338733,100.0,28.499999999999602,27.300000000000395,-0.015736147553980118,-0.0013973440903324924,48.66810423023325,57.14285714285714,62.10317460317457,22.0,
2016-08-02,7647,28,22,28,27,3039000,27.8,27.77651134322185,27.87893114794931,96.42857142857143,28.599999999999696,27.000000000000306,0.030799655075007593,-0.0018997917462088133,40.51786939642026,33.33333333333333,50.992063492063465,22.0,
2016-08-03,7647,27,22,28,27,3087000,27.9,27.81714564445425,27.89103803596108,103.7037037037037,28.499999999999602,27.300000000000395,0.015199285934322404,-0.002181455028956552,49.60625970114224,33.33333333333333,41.269841269841244,22.0,
2016-08-04,7647,27,22,28,27,3980000,27.8,27.6685737090989,27.801934213773976,96.42857142857143,28.599999999999696,27.000000000000306,0.0503252118678752,0.00282320741584109,42.59711087928374,16.666666666666664,27.777777777777754,22.0,
2016-08-05,7647,28,22,35,27,26234000,28.2,28.456105761990134,28.221740871227787,114.28571428571428,30.853299832284236,25.546700167715763,-0.1582149370792152,-0.014388709515055196,67.39996155396518,50.0,33.33333333333331,22.0,
2016-08-08,7647,33,23,36,30,17232000,28.4,28.736813805264692,28.399566814157918,107.14285714285714,31.256571371417063,25.543428628582934,-0.20220473215548296,-0.03585353401594994,56.82349779759974,42.10526315789473,36.25730994152044,23.0,
2016-08-09,7647,31,24,31,29,6465000,28.5,28.78466584067112,28.459610141874816,103.57142857142858,31.3635642126552,25.6364357873448,-0.17960690937432489,-0.05440858852859481,52.39623214532146,38.46153846153847,43.522267206477714,24.0,
2016-08-10,7647,29,25,30,29,4726000,28.6,28.82381750600365,28.513649135084812,103.57142857142858,31.45657137141707,25.743428628582933,-0.15878355520333187,-0.07042302783341607,52.39623214532146,25.925925925925924,35.49757584845302,25.0,
2016-08-12,7647,30,26,32,29,9250000,29.0,29.401305232184846,28.862284264528995,114.28571428571428,32.4641016151377,25.5358983848623,-0.2782636368301148,-0.09960952947991607,62.54858072215493,33.33333333333333,32.57359924026588,26.0,
2016-08-15,7647,32,27,33,31,8153000,29.3,29.691977008151255,29.07605586177954,110.71428571428572,32.88329457343374,25.716705426566264,-0.30442665710769035,-0.13168625276366164,58.10053966764442,40.74074074074074,33.3333333333333,27.0,
2016-08-16,7647,31,27,32,31,7518000,29.6,29.929799370305584,29.268450294801376,110.71428571428572,33.19999999999996,26.000000000000046,-0.31277003523095104,-0.16986066279765705,58.10053966764442,48.148148148148145,40.740740740740705,27.0,
2016-08-17,7647,32,27,32,31,3973000,30.0,30.124381302977305,29.441605280873066,114.81481481481481,33.22490309931938,26.775096900680623,-0.3087941670305163,-0.2058599353493058,58.10053966764442,44.44444444444444,44.44444444444442,27.0,
2016-08-18,7647,31,27,32,31,3973000,30.4,30.465402884254168,29.697444773466042,114.28571428571428,33.52409987036262,27.275900129637378,-0.3427552972623573,-0.24953554747488718,61.51843026184325,48.148148148148145,46.91358024691356,27.0,
2016-08-19,7647,32,27,33,31,3988000,30.9,30.74442054166251,29.92770031287047,118.5185185185185,33.17156333832006,28.628436661679935,-0.35519805319599485,-0.2714225603767516,61.51843026184325,51.85185185185185,48.148148148148124,27.0,
2016-08-22,7647,32,27,33,31,5037000,30.8,30.79088953408751,30.034930288604283,96.875,32.95406592285375,28.645934077146247,-0.30653782480731095,-0.2830151262269547,56.201432475029655,51.85185185185185,50.617283950617264,27.0,
2016-08-23,7647,31,27,34,31,9156000,31.2,31.374364164253425,30.431437283108938,113.33333333333333,33.99999999999997,28.40000000000003,-0.4026281986716498,-0.30779526948221303,65.761860382977,59.25925925925925,54.32098765432096,27.0,
2016-08-24,7647,34,27,36,33,9977000,31.7,31.851752498025537,30.788293573723763,117.24137931034481,34.535489375751546,28.864510624248453,-0.4552854302516103,-0.3407399222653551,65.761860382977,66.66666666666666,59.25925925925923,27.0,
2016-08-25,7647,34,27,34,33,3997000,32.1,32.0605247711118,31.009464226908104,113.79310344827587,34.3715633383201,29.828436661679902,-0.43076769685233174,-0.3576848178233792,60.644380976596224,74.07407407407408,66.66666666666664,27.0,
2016-08-26,7647,33,27,34,33,2824000,32.2,32.231338449091474,31.20851781276824,103.125,34.532380757938114,29.867619242061892,-0.40091668664817703,-0.3684059322167666,60.644380976596224,68.0,69.58024691358021,27.0,
2016-08-29,7647,33,27,34,33,6822000,32.4,32.37109509471121,31.387666038417677,106.4516129032258,34.627105745132,30.172894254867995,-0.3683739509208337,-0.37458414507119797,60.644380976596224,60.86956521739131,67.64787976382176,27.0,
2016-08-30,7647,33,27,34,32,4121000,32.5,32.30362325930917,31.448899436706586,103.2258064516129,34.549390153191915,30.450609846808085,-0.28885659286194,-0.3723688590524673,55.272288168272254,52.38095238095239,60.41683919944787,27.0,
2016-08-31,7647,33,27,33,32,2359000,32.6,32.24841903034387,31.504009494761775,103.2258064516129,34.43303027798233,30.76696972201767,-0.22614156301093402,-0.3594117774689758,55.27228816827225,47.61904761904761,53.62318840579707,27.0,
2016-09-01,7647,32,27,33,31,5399000,32.5,32.02143375209953,31.45360854386506,96.875,34.549390153191915,30.450609846808085,-0.13057626394238397,-0.3344538008852413,50.12286918539646,31.57894736842105,43.859649122806985,27.0,
2016-09-02,7647,31,27,32,31,4495000,32.4,31.835718524445074,31.408247688327915,96.875,34.627105745132,30.172894254867995,-0.061868176451586265,-0.30726828440127185,50.12286918539646,17.647058823529413,32.281684603666,27.0,
2016-09-05,7647,31,27,32,30,2783000,32.3,31.501951520000514,31.267422916280143,96.7741935483871,34.83771550808989,29.762284491910098,0.032699395894432826,-0.2588985516717071,45.23525216876009,0.0,16.408668730650128,27.0,
2016-09-06,7647,31,27,31,30,2312000,32.0,31.410687607273147,31.240680624102662,91.17647058823529,34.366431913239836,29.633568086760167,0.049554386532026484,-0.2028052386957475,50.439756341262246,5.88235294117647,7.843137254901934,27.0,
2016-09-07,7647,30,27,31,30,2649000,31.6,31.1541989514053,31.116612559398124,88.23529411764706,33.82710574513199,29.372894254868015,0.10559301445486824,-0.1432096041060586,45.756814792795055,5.555555555555555,3.8126361655773144,27.0,
2016-09-08,7647,30,27,31,30,1872000,31.3,30.944344596604335,31.004951301599952,90.9090909090909,33.49999999999997,29.10000000000003,0.14027783906557545,-0.08307687902675277,45.756814792795055,5.555555555555555,5.664488017429167,27.0,
2016-09-09,7647,30,27,31,30,3797000,31.0,30.77264557903991,30.90445616993469,90.9090909090909,32.999999999999964,29.000000000000036,0.15944055606158258,-0.024430822695373184,45.756814792795055,0.0,3.703703703703676,27.0,
2016-09-12,7647,30,27,31,30,3374000,30.7,30.63216456466902,30.814010551721953,90.9090909090909,32.262049935181274,29.137950064818725,0.16750637814929803,0.02627617408365326,45.75681479279506,0.0,1.8518518518518245,27.0,
2016-09-13,7647,30,27,30,29,3492000,30.5,30.517225552911015,30.73260949556215,93.75,31.841640786499802,29.158359213500198,0.1678122768502348,0.07004882295711647,45.75681479279507,5.88235294117647,1.9607843137254626,27.0,
2016-09-14,7647,30,27,30,29,3065000,30.2,30.24136636147265,30.55934854411404,90.625,31.399999999999906,29.000000000000092,0.20900973822160296,0.10778060097533723,40.33272644494853,6.25,4.044117647058796,27.0,
2016-09-15,7647,29,27,30,29,2725000,30.0,30.01566338665944,30.403413688170204,93.54838709677419,31.264911064067256,28.735088935932744,0.23046618166617705,0.14026219632175538,40.332726444948534,6.666666666666667,6.266339869281018,27.0,
2016-09-16,7647,29,27,30,29,2199000,29.8,29.830997316357724,30.26307231811191,93.54838709677419,30.999999999999893,28.600000000000108,0.23789927625431417,0.16306218302840886,40.33272644494853,0.0,4.305555555555528,27.0,
2016-09-20,7647,29,27,30,29,2403000,29.7,29.679906895201775,30.136765085295284,96.66666666666667,30.980624847486464,28.419375152513535,0.23561093178307502,0.18373513250074758,40.33272644494853,0.0,2.2222222222221943,27.0,
2016-09-21,7647,29,27,30,29,2815000,29.5,29.556287459710543,30.023088575951355,93.54838709677419,30.499999999999858,28.500000000000142,0.22681233147076085,0.19720394550251344,40.33272644494853,0.0,0.0,27.0,
2016-09-23,7647,29,27,30,29,2899000,29.4,29.455144285217717,29.920779717696558,96.66666666666667,30.37979589711312,28.420204102886878,0.21387751490640383,0.20538168726260547,40.33272644494853,0.0,0.0,27.0,
2016-09-26,7647,29,27,30,29,1662000,29.3,29.3723907788145,29.828701745392575,96.66666666666667,30.216515138991003,28.383484861009,0.19854079246571743,0.20972615797417601,40.33272644494853,0.0,0.0,27.0,
2016-09-27,7647,29,27,30,29,2808000,29.2,29.30468336448459,29.745831570420513,96.66666666666667,29.999999999999805,28.400000000000194,0.1820500636607676,0.21134212303100597,40.33272644494853,0.0,0.0,27.0,
2016-09-28,7647,29,27,30,29,2648000,29.1,29.249286389123757,29.671248413027893,96.66666666666667,29.69999999999973,28.500000000000274,0.16528556835708486,0.2110613776428782,40.33272644494853,0.0,0.0,27.0,
2016-09-29,7647,29,27,30,29,2401000,29.0,29.203961591101258,29.60412357144114,96.66666666666667,29.0,29.0,0.1488515848174572,0.2043771383757509,40.33272644494853,0.0,0.0,27.0,
2016-09-30,7647,30,27,33,29,9824000,29.1,29.348695847264665,29.64371121444775,103.44827586206897,29.69999999999973,28.500000000000274,0.08699314719625306,0.1884356901013149,52.21740709565587,12.5,4.1666666666666385,27.0,
2016-10-03,7647,30,27,31,30,928600,29.2,29.467114784125638,29.67934009312506,103.44827586206897,29.999999999999805,28.400000000000194,0.042443031046627056,0.16671832952268298,52.21740709565587,20.0,10.833333333333306,27.0,
2016-10-04,7647,31,27,31,30,547100,29.3,29.5640030051937,29.71140608391144,103.44827586206897,30.216515138991006,28.383484861008995,0.010980089928523284,0.14175934709439947,52.21740709565587,25.0,19.16666666666664,27.0,
2016-10-05,7647,30,27,30,29,1500400,29.4,29.643275186067573,29.740265475600395,103.44827586206897,30.379795897113123,28.420204102886874,-0.010655749903072831,0.11537400471952905,52.21740709565587,25.0,23.333333333333304,27.0,
2016-10-06,7647,30,27,31,30,1496600,29.6,29.889952424964378,29.866238928355035,106.89655172413792,30.926649916142058,28.273350083857945,-0.07112752609974393,0.08370677794106819,62.313912984123164,33.33333333333333,27.777777777777747,27.0,
2016-10-07,7647,30,27,31,30,2175500,29.7,29.909961074970855,29.8796150355496,103.44827586206897,30.980624847486467,28.41937515251353,-0.06371988149135532,0.054566703056948995,50.76263076412577,33.33333333333333,30.555555555555525,27.0,
2016-10-11,7647,30,27,31,30,1734300,29.8,29.92633178861252,29.891653532019,103.44827586206897,30.999999999999893,28.600000000000108,-0.056744864172092235,0.02803393329774235,50.76263076412577,33.33333333333333,33.3333333333333,27.0,
2016-10-12,7647,30,27,31,30,1266200,29.9,29.93972600886479,29.90248817883683,103.44827586206897,30.977032961426787,28.82296703857321,-0.05027731816606362,0.004082501461836962,50.76263076412577,25.0,30.555555555555525,27.0,
2016-10-13,7647,31,27,31,30,630600,30.0,29.950684916343917,29.912239360969128,103.44827586206897,30.894427190999785,29.105572809000215,-0.044352292618413,-0.017384596031037505,50.76263076412577,25.0,27.777777777777747,27.0,
2016-10-14,7647,30,27,31,30,1168700,30.1,29.95965129519048,29.921015424885162,103.44827586206897,30.699999999999807,29.500000000000195,-0.03897682016712878,-0.031381259071413266,50.76263076412577,25.0,24.99999999999997,27.0,
2016-10-17,7647,31,27,31,30,5091600,30.1,29.966987423337663,29.928913882407134,100.0,30.699999999999807,29.500000000000195,-0.03413875204111605,-0.0398903460811625,50.76263076412577,25.0,24.99999999999997,27.0,
2016-10-18,7647,30,27,31,30,6626400,30.1,29.972989710003542,29.936022494174914,100.0,30.699999999999807,29.500000000000195,-0.029813328939169992,-0.04442294817757286,50.76263076412577,25.0,24.99999999999997,27.0,
2016-10-19,7647,30,27,30,29,2000800,30.1,29.97790067182108,29.9424202447643,100.0,30.699999999999807,29.500000000000195,-0.025968017025881807,-0.046124311191218306,50.76263076412576,25.0,24.99999999999997,27.0,
2016-10-20,7647,30,27,32,30,6218100,30.3,30.34555509512634,30.148178220486997,106.66666666666667,31.580624847486483,29.01937515251352,-0.11487371305300442,-0.05098499863046947,70.52956125968296,41.66666666666667,30.55555555555553,27.0,
2016-10-21,7647,32,27,32,31,5655100,30.3,30.464545077830643,30.23336039851249,100.0,31.580624847486483,29.01937515251352,-0.12536760842358774,-0.05783474606738418,57.99308946238978,54.54545454545454,40.40404040404038,27.0,
2016-10-24,7647,32,27,32,31,7591200,30.5,30.743718700043257,30.410024358799728,106.66666666666667,32.112451549659646,28.887548450340358,-0.17476754964602037,-0.07094837778670954,64.74216736367472,80.0,58.73737373737371,27.0,
2016-10-25,7647,33,27,33,32,12138900,30.8,31.153951663671755,30.669021923102477,110.00000000000001,32.95406592285376,28.645934077146244,-0.2489838929459438,-0.09302688609558511,69.94280741755227,90.0,74.84848484848482,27.0,
2016-10-26,7647,33,27,34,32,13832800,31.1,31.489596815731435,30.90211973094024,110.00000000000001,33.541311123146706,28.658688876853297,-0.2915616055506298,-0.12049458753249809,69.94280741755226,91.66666666666666,87.22222222222219,27.0,
2016-10-27,7647,34,27,34,32,9944100,31.4,31.76421557650754,31.111907757966097,110.00000000000001,33.961249694973105,28.838750305026892,-0.3114123154507098,-0.15076519811956265,69.94280741755227,85.71428571428571,89.1269841269841,27.0,
2016-10-28,7647,33,27,33,32,4576800,31.7,31.988903653506167,31.300716982266593,110.00000000000001,34.23771550808987,29.16228449191013,-0.31526780167689594,-0.18200175919020486,69.94280741755227,80.0,85.79365079365077,27.0,
2016-10-31,7647,33,27,33,32,4704100,31.9,31.990921171050502,31.370645284072303,106.66666666666667,34.17156333832008,29.62843666167992,-0.2620232753784073,-0.2078028643501201,58.3635297649642,73.33333333333333,79.68253968253966,27.0,
2016-11-01,7647,32,27,33,32,3822800,32.2,32.17439004904132,31.533580755732952,110.00000000000001,34.15959179422651,30.240408205773495,-0.2640724183339458,-0.234258908939905,64.66360002486607,73.33333333333333,75.55555555555553,27.0,
2016-11-02,7647,33,27,33,32,5552400,32.4,32.142682767397446,31.580222680177144,106.66666666666667,33.72664991614211,31.073350083857886,-0.21118037915510968,-0.2449596496179167,55.603045989033305,66.66666666666666,71.11111111111109,27.0,
2016-11-04,7647,33,27,35,31,14399500,32.4,32.116740446052454,31.62220041217359,100.0,33.72664991614211,31.073350083857886,-0.1688786794292767,-0.24979421306299324,55.60304598903329,62.5,67.49999999999999,27.0,
2016-11-07,7647,33,27,34,33,14311800,32.6,32.27733309222474,31.759980370998075,106.4516129032258,33.57979589711321,31.620204102886795,-0.1812012617862777,-0.2505090699674663,61.809205520684515,58.82352941176471,62.66339869281044,27.0,
2016-11-08,7647,33,27,34,33,5856900,32.7,32.4087270754566,31.88398233393216,103.125,33.616515138991105,31.783484861008905,-0.18396727871143526,-0.24328500171918754,61.809205520684515,61.111111111111114,60.81154684095859,27.0,
2016-11-09,7647,32,27,34,31,5240900,32.5,32.15259487991904,31.795584100517196,93.93939393939394,33.84164078649982,31.158359213500173,-0.08787143543887765,-0.22065276059565953,46.675162581223,52.94117647058824,57.62527233115467,27.0,
2016-11-10,7647,33,27,34,32,5467800,32.5,32.30666853811558,31.916025690492145,100.0,33.84164078649982,31.158359213500173,-0.11242589736395558,-0.19854315858602017,57.80213400174256,46.666666666666664,53.572984749455316,27.0,
2016-11-11,7647,33,27,34,33,7083500,32.6,32.614546985730925,32.124423121484455,103.03030303030303,34.19999999999996,31.000000000000043,-0.17174196705588685,-0.18259584362813028,62.06447524336395,46.15384615384615,48.58722976370033,27.0,
2016-11-14,7647,34,27,34,33,5485500,32.7,32.86644753377985,32.31198080936964,103.03030303030303,34.499999999999964,30.900000000000038,-0.20661001524563005,-0.17643881472448836,62.06447524336395,66.66666666666666,53.16239316239314,27.0,
2016-11-15,7647,33,27,34,33,4896200,32.8,32.89072980036533,32.38078272844378,103.125,34.54355957741623,31.056440422583766,-0.1777019243203597,-0.16684209316742324,55.55628430270137,66.66666666666666,59.82905982905981,27.0,
2016-11-16,7647,33,27,34,33,2703400,32.8,32.91059710938981,32.4427044556084,100.0,34.54355957741623,31.056440422583766,-0.1526656189457043,-0.160340453144156,55.55628430270137,58.333333333333336,63.888888888888864,27.0,
2016-11-17,7647,33,27,34,33,951600,32.9,32.926852180409846,32.498434010054844,103.125,34.561324772583575,31.238675227416422,-0.13102056241684323,-0.15613399569833003,55.55628430270137,50.0,58.333333333333314,27.0,
2016-11-18,7647,33,27,33,32,1518200,33.0,32.94015178397169,32.54859060905526,103.125,34.54919333848292,31.450806661517078,-0.11233712223063463,-0.14848242463659192,55.55628430270137,50.0,52.777777777777764,27.0,
2016-11-21,7647,33,27,34,32,4650900,33.1,33.13285145961321,32.693731548165104,103.03030303030303,34.76132477258358,31.43867522741643,-0.14238718972825382,-0.14386241474957176,61.04996910347705,58.333333333333336,52.777777777777764,27.0,
2016-11-22,7647,33,27,34,33,1602100,33.1,33.10869664877444,32.72435839335151,100.0,34.76132477258358,31.43867522741643,-0.11219378342731545,-0.1465648978593982,53.8778379818497,58.333333333333336,55.55555555555554,27.0,
2016-11-24,7647,33,27,34,33,3118900,33.4,33.27075180354272,32.8519225540273,109.6774193548387,34.37979589711318,32.420204102886814,-0.1344568996719886,-0.1490127870047352,59.05771588944197,66.66666666666666,61.11111111111109,27.0,
2016-11-25,7647,33,27,34,32,3292500,33.4,33.22152420289859,32.86673029862571,100.0,34.37979589711318,32.420204102886814,-0.09923633529386677,-0.14095660569784407,52.685563163616706,63.63636363636363,62.878787878787854,27.0,
2016-11-28,7647,33,27,33,32,3581200,33.3,33.18124707509885,32.88005726876406,97.05882352941177,34.21651513899108,32.38348486100892,-0.07234129678270307,-0.12603785920196328,52.685563163616706,70.0,66.76767676767675,27.0,
2016-11-29,7647,32,27,33,32,1649500,33.1,32.96647487962633,32.79205154188215,94.11764705882352,34.17703296142683,32.02296703857317,-0.0057556923510659885,-0.1069327223164862,46.82599139635969,55.55555555555556,63.063973063973044,27.0,
2016-11-30,7647,33,27,33,32,4099500,33.1,32.97257035605791,32.81284638769511,100.0,34.17703296142683,32.02296703857317,-0.00665910804808334,-0.090709776661195,52.513582205247765,50.0,58.518518518518505,27.0,
2016-12-01,7647,34,27,34,33,2797400,33.2,33.15937574586556,32.93156174893161,103.03030303030303,34.39999999999994,32.000000000000064,-0.05321960150303795,-0.08206522544854995,57.41852884874629,57.14285714285714,54.23280423280422,27.0,
2016-12-02,7647,33,27,34,33,3788900,33.2,33.130398337526366,32.93840557403876,100.0,34.39999999999994,32.000000000000064,-0.036946101641682105,-0.07368844538311078,51.670818158934686,66.66666666666666,57.936507936507915,27.0,
2016-12-05,7647,33,27,33,32,4204200,33.2,33.10668954888521,32.94456501663514,100.0,34.39999999999994,32.000000000000064,-0.024793390915796465,-0.06062246773728219,51.670818158934686,66.66666666666666,63.492063492063465,27.0,
2016-12-06,7647,33,27,33,32,2347000,33.1,33.08729144908789,32.95010851497183,97.05882352941177,34.17703296142683,32.02296703857317,-0.015804067011629286,-0.049912499246650394,51.670818158934686,50.0,61.111111111111086,27.0,
2016-12-07,7647,32,27,33,32,2415100,33.1,33.07142027652646,32.95509766347482,100.0,34.17703296142683,32.02296703857317,-0.009232707229990922,-0.035998700086428435,51.670818158934686,50.0,55.555555555555536,27.0,
2016-12-08,7647,33,27,33,32,3321100,33.0,33.05843477170347,32.95958789712747,97.05882352941177,33.89442719099983,32.10557280900017,-0.004500318847647122,-0.025472476036848473,51.670818158934686,50.0,49.99999999999998,27.0,
2016-12-09,7647,33,27,34,33,4028700,33.1,33.229628449575564,33.063629107417526,103.03030303030303,34.17703296142683,32.02296703857317,-0.04731223074737301,-0.022691468699589577,57.79108606646181,66.66666666666666,55.555555555555536,27.0,
2016-12-12,7647,34,27,35,33,5320400,33.2,33.36969600419819,33.15726619667804,103.03030303030303,34.39999999999994,32.000000000000064,-0.07483684093342191,-0.0303671518754069,57.791086066461816,71.42857142857143,62.698412698412675,27.0,
2016-12-13,7647,34,27,35,33,4047600,33.5,33.66611491252579,33.34153957701425,109.375,34.841640786499816,32.158359213500184,-0.13732005887679577,-0.044885035300819394,63.19639714152784,87.5,75.19841269841267,27.0,
2016-12-14,7647,35,27,35,34,3163700,33.7,33.90863947388474,33.50738561931608,106.06060606060606,35.26204993518128,32.137950064818725,-0.1753911584422525,-0.0584596527385099,63.19639714152785,88.88888888888889,82.60582010582007,27.0,
2016-12-15,7647,35,27,36,34,8293100,33.8,34.10706866045115,33.65664705738711,102.94117647058823,35.543559577416225,32.05644042258377,-0.195765713272948,-0.076106276253095,63.19639714152785,90.0,88.79629629629626,27.0,
2016-12-16,7647,35,27,36,34,7544800,34.0,34.2694198130964,33.790982351650534,106.06060606060606,35.78885438199978,32.21114561800022,-0.2035341592114861,-0.09596636161928274,63.19639714152785,81.81818181818183,86.90235690235687,27.0,
2016-12-19,7647,34,27,37,34,8607600,34.4,34.76588893798796,34.111884116490074,112.12121212121211,36.79999999999996,32.000000000000036,-0.29483790233260265,-0.12697012109939088,72.62648618535277,84.61538461538461,85.47785547785543,27.0,
2016-12-20,7647,37,28,37,35,5081700,34.7,34.990272767444694,34.3006957048435,109.09090909090908,37.074868417407544,32.32513158259246,-0.3014177314505133,-0.15943512379056005,63.82117085811918,85.71428571428571,84.049284049284,28.0,
2016-12-21,7647,36,29,37,35,9504700,35.0,35.173859537000205,34.47062613436112,109.09090909090908,37.19089023002062,32.80910976997938,-0.2965973778856963,-0.1918903525725655,63.82117085811918,86.66666666666667,85.66544566544563,29.0,
2016-12-22,7647,35,29,37,35,4638000,35.4,35.50588507572744,34.72356352092765,112.12121212121211,37.43960780543706,33.360392194562934,-0.3303621423068819,-0.22334034274584427,68.28118468797021,86.66666666666667,86.34920634920631,29.0,
2016-12-26,7647,36,29,37,36,3914200,35.6,35.59572415286791,34.85120716883608,105.88235294117648,37.43303027798228,33.76696972201772,-0.2968994553825439,-0.24801396657352448,60.27861204759527,86.66666666666667,86.66666666666663,29.0,
2016-12-27,7647,37,29,37,36,3536000,35.8,35.66922885234647,34.966086451953444,105.88235294117648,37.29666295470951,34.30333704529048,-0.2651124225296826,-0.2622131180905119,60.27861204759527,86.66666666666667,86.66666666666663,29.0,
2016-12-28,7647,36,29,38,35,3667500,36.1,36.09300542464712,35.269477806760406,108.57142857142857,37.986796226411265,34.21320377358874,-0.3277454334437593,-0.27914137086845714,68.76878934370241,87.5,86.9444444444444,29.0,
2016-12-29,7647,38,30,38,37,3626700,36.4,36.43973171107491,35.54253002608623,108.57142857142857,38.43960780543706,34.360392194562934,-0.3600586890334796,-0.2973961459529606,68.76878934370241,93.75,89.3055555555555,30.0,
2016-12-30,7647,38,31,38,36,3445600,36.6,36.54159867269766,35.68827702347851,105.71428571428572,38.43303027798228,34.76696972201772,-0.3246997023854945,-0.310858984083406,61.1851488604327,93.75,91.66666666666661,31.0,
