value_date,stock_code,open,close,HIGH,LOW,VOLUME,SMA,EMA,SMMA,MOMENTUM,BBAND_UPPER,BBAND_LOWER,MACD,MACD_SIGNAL,RSI,STOCH,STOCHAS_SIGNAL,PSARBULL,PSARBEAR
2016-01-04,7701,2036,2000,2046,1998,1169000,,2000.0,2000.0,,,,0.0,,,,,,
2016-01-05,7701,1983,1969,1994,1956,1468000,,1982.9499999999998,1983.6842105263158,,,,0.43055555555542924,,0.0,,,,
2016-01-06,7701,1957,2046,1973,1938,1339000,,1968.4983388704318,1970.1476014760149,,,,0.9614583727709487,,0.0,,,,2046.0
2016-01-07,7701,1922,1973,1943,1855,1925000,,1933.7413366336632,1938.990985751672,,,,3.085322633398846,,0.0,,,,1973.0
2016-01-08,7701,1846,1943,1897,1826,1725000,,1917.452442108978,1923.8531415594246,,,,3.678069764630891,,10.310058587197773,,,,1943.0
2016-01-12,7701,1830,1897,1845,1773,2033000,,1881.231825952327,1892.7251210626623,,,,6.648371195337859,,5.775455862242438,,,,1897.0
2016-01-13,7701,1790,1845,1827,1784,1378000,,1867.68221478459,1879.7435763751455,,,,6.7686040591520396,,23.07364407634752,,,,1845.0
2016-01-14,7701,1779,1827,1779,1730,1371000,,1841.5914582362395,1857.4896203956935,,,,8.900024668865171,,17.709862498602334,,,,1827.0
2016-01-15,7701,1793,1779,1793,1745,1047000,,1823.1873171401162,1841.0852812705325,,,,9.829507936879509,4.4779904651767435,18.83866062246277,,,,1779.0
2016-01-18,7701,1694,1774,1748,1691,960000,1850.3,1804.4529713358459,1824.644050415688,,2033.919280033443,1666.6807199665568,10.917069877835274,5.690998229380663,17.363753631578504,,,,1774.0
2016-01-19,7701,1744,1691,1765,1726,1163000,1826.0,1794.7589225462164,1814.7861234307707,87.85,1986.8477541030647,1665.1522458969353,10.468371122360395,6.80631107013677,23.789370733646848,,,1691.0,
2016-01-20,7701,1770,1691,1791,1725,1678000,1801.6,1780.8212174944792,1802.2736068215368,87.60792280345353,1940.852863525315,1662.347136474685,11.0384816486212,7.9259803230090204,21.306965443307348,,,1691.0,
2016-01-21,7701,1728,1791,1747,1674,1268000,1774.3,1759.8554971434824,1785.0744516616883,85.97842835130972,1894.5765147483082,1654.0234852516917,13.022299289551711,9.030088840359339,18.070539122497294,,,,1791.0
2016-01-22,7701,1741,1747,1778,1711,1175000,1765.2,1762.2051348461296,1783.3791835215434,95.11540526033279,1870.0343455171062,1660.365654482894,10.140390781449014,9.748124508894685,37.664428487661645,,,,1747.0
2016-01-25,7701,1812,1674,1835,1803,1189000,1759.9,1774.0230547853105,1788.4944539989533,97.17634523175279,1845.1124404063164,1674.6875595936838,5.836354261506358,9.65790040513563,45.15901614112218,,,1674.0,
2016-01-26,7701,1805,1677,1812,1786,859000,1761.2,1777.239481309804,1788.8019969239544,100.73115860517434,1847.8616408799187,1674.5383591200814,4.1048466078195815,9.361927354987579,41.73010263539842,36.83148335015136,,1677.0,
2016-01-27,7701,1813,1680,1826,1791,1015000,1759.3,1782.647090118751,1790.8660177320426,98.95890410958904,1840.972761677318,1677.627238322682,2.1965607582162647,8.617098031582145,43.818287919652136,44.932432432432435,,1680.0,
2016-01-28,7701,1787,1683,1808,1778,949000,1762.9,1783.8342119942033,1790.6464617897534,102.0536223616657,1846.3000000000002,1679.5,1.5531500536683325,7.697502711225348,41.98204265426606,46.017699115044245,42.59387163254268,1683.0,
2016-01-29,7701,1820,1686,1840,1761,1360000,1770.9,1793.7190503205645,1796.0057800367263,104.5532157085942,1865.1441510121451,1676.655848987855,-0.961791754863043,6.377629196481091,48.539376936452754,61.840120663650076,50.930084070375585,1686.0,
2016-02-01,7701,1880,1692,1937,1879,1025000,1790.9,1819.6940878947123,1811.7150870222954,111.53402537485582,1922.725490706464,1659.0745092935363,-6.79022029860721,4.46000792748469,58.698306124511916,81.88736681887366,63.24839553252266,1692.0,
2016-02-02,7701,1918,1706,1969,1918,802000,1810.4,1844.1107290831333,1827.4671535121142,111.09846328969834,1970.95703036616,1649.84296963384,-11.310878733006348,1.9767456628594067,60.26585891912829,96.15912208504801,79.96220318919057,1706.0,
2016-02-03,7701,1890,1727,1910,1869,723000,1827.5,1853.6606725521399,1835.069050895342,109.91304347826087,1984.4159010425649,1670.5840989574351,-11.587974983927325,-0.7577292564160416,53.466940195584236,89.09730363423212,89.04793084605126,1727.0,
2016-02-04,7701,1856,1746,1875,1841,933000,1844.7,1852.253898798395,1836.2684475929236,110.27479091995221,1963.6589845282822,1725.741015471718,-9.227014154943163,-2.9096631382373945,48.234623173998074,75.9322033898305,87.06287636970355,1746.0,
2016-02-05,7701,1794,1763,1816,1775,994000,1846.6,1841.0258981697689,1831.349212986409,101.07223476297969,1961.3874557606364,1731.8125442393634,-4.9134691367862615,-4.104087960269908,43.22380046634154,57.74011299435028,74.25654000613764,1763.0,
2016-02-08,7701,1747,1969,1799,1731,1564000,1843.2,1831.6865806509481,1826.894487867941,98.1359649122807,1962.393288401655,1724.0067115983452,-1.796618682805729,-4.759806325894942,43.13605744403495,45.76271186440678,59.811676082862526,,1969.0
2016-02-09,7701,1700,1799,1731,1636,1823000,1828.2,1796.8273142038845,1807.0209965316615,91.62479061976549,1997.2297015320091,1659.170298467991,7.035831170720712,-4.222109613394448,32.53753654422067,25.785482123510295,43.09610232742245,,1799.0
2016-02-10,7701,1798,1636,1798,1698,2273000,1820.9,1785.1706445084562,1799.1618920179433,95.9579180509413,1999.1861744499558,1642.6138255500443,8.674250473546635,-3.43087623340797,42.011522946374754,22.684703433922998,31.410965807280025,1636.0,
2016-02-12,7701,1650,1798,1695,1625,2401000,1807.0,1760.50464911955,1783.4219570449363,92.230296254891,2012.6424080777115,1601.3575919222885,13.26344028440576,-1.8502948957114365,36.967617142993454,12.574257425742575,20.348147661058622,,1798.0
2016-02-15,7701,1743,1625,1809,1709,2096000,1802.6,1766.4304899617005,1784.4271051078015,97.60479041916167,2007.3675755582412,1597.8324244417586,9.499013674726939,-0.04038000978541984,48.45081772731275,28.40352595494613,21.220828938203905,1625.0,
2016-02-16,7701,1753,1625,1836,1740,1625000,1789.0,1772.1843792380023,1785.8444787055382,92.96794208893485,1974.1809925451314,1603.8190074548686,6.431507443455757,1.9309962320437029,48.80203075017728,35.46511627906977,25.480966553252824,1625.0,
2016-02-17,7701,1772,1633,1810,1739,1497000,1770.4,1771.057707195665,1783.7813170020981,90.47131147540983,1920.3738643897661,1620.426135610234,5.6120481167583876,3.8421099098976708,46.61315077757537,46.70542635658915,36.85802286353502,1633.0,
2016-02-18,7701,1803,1641,1824,1788,1162000,1760.1,1775.0537135894224,1784.7359648920255,94.5675105485232,1886.4406506236212,1633.7593493763786,3.654733829394445,5.2734152414907385,48.703737767883375,46.70542635658915,42.958656330749356,1641.0,
2016-02-19,7701,1776,1648,1797,1747,1207000,1752.7,1774.4977531815327,1783.421755177112,95.99133261105092,1866.0491949684688,1639.3508050315313,3.175768962350503,6.1722194747281565,47.15698742908492,44.18604651162791,45.865633074935396,1648.0,
2016-02-22,7701,1744,1655,1789,1737,913000,1752.3,1776.7733663457723,1783.7898164894011,99.77666108319376,1865.132796650619,1639.467203349381,2.068150528959677,6.601638276035424,48.417131115104986,46.22093023255814,45.704134366925054,1655.0,
2016-02-23,7701,1789,1662,1807,1756,843000,1750.0,1774.9948064380083,1782.0677282950226,98.71508379888269,1860.5802875742324,1639.4197124257676,2.170349151771916,6.061029162818891,46.81413338557719,46.35149023638232,45.58615566018944,1662.0,
2016-02-24,7701,1713,1668,1723,1699,1420000,1757.7,1764.6245567760534,1775.5132945636287,104.69226081657526,1845.1530731306793,1670.2469268693208,4.419268734917523,5.588253414082323,43.053244455461,45.16496018202503,45.912460216988485,1668.0,
2016-02-25,7701,1726,1674,1747,1722,987000,1758.8,1760.8724000609639,1772.2967478221333,100.63473744950953,1845.2536870237468,1672.346312976253,4.613689312773431,4.627169972789842,45.552735229379635,47.45308310991957,46.32317784277563,1674.0,
2016-02-26,7701,1770,1680,1782,1749,1006000,1770.2,1761.4413321533375,1771.4516517232385,106.9090909090909,1817.4254168854018,1722.9745831145983,3.685253106634491,3.9811965763351256,47.46298126870747,52.23214285714286,48.28339538302914,1680.0,
2016-02-29,7701,1798,1686,1810,1760,1045000,1766.9,1761.1791671169576,1770.2873652372934,98.15950920245399,1811.8484148775015,1721.9515851224987,3.127254292804537,3.614057337373879,47.107011210044085,62.08530805687204,53.923511341311475,1686.0,
2016-03-01,7701,1743,1692,1749,1702,1279000,1760.7,1756.5996411388,1766.807188630524,96.55172413793103,1803.8467264111657,1717.5532735888344,3.7570803249554956,3.4079498049513353,44.929664613818495,60.821484992101105,58.379645302038654,1692.0,
2016-03-02,7701,1790,1697,1814,1772,1302000,1765.1,1766.3113923131887,1771.184702941415,102.49150622876557,1817.4942744963605,1712.7057255036393,0.6632585954739625,3.0755636678490594,52.25715815120128,68.08846761453397,63.66508688783569,1697.0,
2016-03-03,7701,1801,1702,1807,1770,1123000,1764.6,1770.2556378253466,1772.8866087402898,99.72113775794757,1816.0058362445352,1713.1941637554646,-0.4391698729241398,2.673903797262988,50.12194477816295,68.87298747763863,65.9276466947579,1702.0,
2016-03-04,7701,1766,1707,1785,1757,1372000,1764.7,1770.7547020348227,1772.8980713792175,100.05643340857789,1816.1668825556783,1713.2331174443218,-0.48132647284251107,2.3906285748405227,48.661992560300405,71.75257731958763,69.5713441372534,1707.0,
2016-03-07,7701,1763,1712,1767,1738,1037000,1760.8,1766.6168779131156,1770.38388229605,97.81757134862899,1810.8063995904522,1710.7936004095477,0.656571939895457,2.2224311068542497,46.24429313670349,53.1328320802005,64.5861322924756,1712.0,
2016-03-08,7701,1743,1836,1748,1684,1261000,1755.7,1757.4127070870209,1764.89761008244,97.11375212224108,1812.1272983581528,1699.2727016418473,2.881300371210955,2.051545733109075,43.28017135011522,38.55721393034826,54.48087444337881,,1836.0
2016-03-09,7701,1689,1748,1714,1677,1277000,1754.0,1747.1548462931512,1758.4572590398573,99.0104772991851,1815.6506285450519,1692.3493714549481,4.990234755959591,2.0933841156853155,41.923661148423015,26.119402985074625,39.26981633187447,,1748.0
2016-03-10,7701,1720,1677,1772,1720,1166000,1756.2,1750.581512547683,1759.2169035571053,101.26146788990826,1817.8363529096262,1694.563647090374,3.268073464415238,2.0470308221053983,49.3342891624673,35.02415458937198,33.23359050159831,1677.0,
2016-03-11,7701,1751,1677,1772,1737,1219000,1755.6,1751.9304169133577,1759.09443396591,99.65986394557824,1817.0374478636602,1694.1625521363396,2.370552342681549,1.9629528276472885,48.513782273298986,47.201946472019465,36.115168015488706,1677.0,
2016-03-14,7701,1771,1678,1789,1761,855000,1758.1,1757.9433910329542,1761.6999106148262,101.42045454545455,1822.034028498132,1694.1659715018677,0.44495232966551157,1.5949386059484014,51.44867928244943,67.63990267639902,49.95533457926351,1678.0,
2016-03-15,7701,1791,1682,1807,1776,737000,1763.2,1763.2266427941527,1764.2430261993927,102.93778801843318,1827.4046727271466,1698.9953272728535,-0.9645510296736575,1.4140708698208881,51.66845689580639,72.74939172749392,62.530413625304156,1682.0,
2016-03-16,7701,1762,1689,1796,1760,892000,1760.6,1767.003752506832,1766.2279303542934,98.5635359116022,1818.8422527036855,1702.3577472963143,-1.7506918135600245,1.2683462097502343,51.29338055556874,79.07542579075427,73.15490673154909,1689.0,
2016-03-17,7701,1785,1696,1804,1769,821000,1759.5,1768.8213054678529,1767.3096530328369,99.3847874720358,1816.0207926342155,1702.9792073657845,-1.9061185515074612,1.110035978787462,50.37448476031902,77.12895377128953,76.31792376317925,1696.0,
2016-03-18,7701,1755,1807,1786,1689,2208000,1753.1,1757.9444429299595,1761.4566975781704,96.39029892837,1816.1710710230925,1690.0289289769073,1.1843653459411598,1.1686796905703178,42.42371473999493,58.15085158150851,71.45174371451746,,1807.0
2016-03-22,7701,1700,1786,1745,1694,1531000,1752.0,1754.1362874759614,1759.002729994209,99.37070938215103,1815.7683306979254,1688.2316693020746,1.9482136609046847,1.0650033894251767,46.189855393375076,46.715328467153284,60.665044606650476,,1786.0
2016-03-23,7701,1732,1745,1736,1705,1307000,1752.1,1747.3841265192232,1754.7896354834493,100.05827505827504,1815.6449447241869,1688.555055275813,3.328145082635956,0.880326759055884,43.97708680070977,32.67326732673268,45.84648245846486,,1745.0
2016-03-24,7701,1707,1689,1744,1704,887000,1755.3,1744.7687963442092,1752.6046875211537,101.88124632569078,1810.963632651849,1699.636367348151,3.4216312441001264,0.8973887345764271,46.197660673141726,39.29471032745592,39.56110204044734,1689.0,
2016-03-25,7701,1740,1690,1745,1725,638000,1751.9,1742.447171992088,1750.5391270908924,98.07474518686297,1808.6764035493618,1695.1235964506384,3.425792786449165,1.014637672772829,46.074739378668596,38.71794871794872,36.895308790712484,1690.0,
2016-03-28,7701,1749,1692,1785,1740,1134000,1754.6,1750.1841180234871,1753.9928766330386,101.5358361774744,1814.7478179155319,1694.452182084468,0.877539485522675,1.0627029123125138,53.18453383848751,56.15384615384615,44.72216839975031,1692.0,
2016-03-29,7701,1777,1697,1807,1768,1074000,1755.5,1758.1506994853048,1758.00159308613,100.50420168067227,1817.6755578985824,1693.3244421014176,-1.2897766880421386,1.0265667280493491,54.28672878737497,71.7948717948718,55.5555555555556,1697.0,
2016-03-30,7701,1790,1705,1817,1785,828000,1755.4,1763.2142385541317,1760.806474177729,99.94404029099049,1817.3754790219486,1693.4245209780515,-2.34804473496456,0.960194181226623,53.09022038350757,82.9896907216495,70.31280289012251,1705.0,
2016-03-31,7701,1794,1716,1804,1763,961000,1753.5,1763.5389240212219,1761.2265060814475,98.93497757847534,1812.96595664748,1694.03404335252,-2.0230632490377047,0.9472003259454849,49.976349491885806,75.12953367875647,76.63803206509262,1716.0,
2016-04-01,7701,1746,1817,1765,1688,1210000,1744.7,1749.9863388369456,1753.9933270145025,95.04783342712436,1813.034764212661,1676.365235787339,1.766506712337332,1.0118826999895039,40.67767270796309,45.19480519480519,67.77134319840374,,1817.0
2016-04-04,7701,1695,1765,1727,1692,708000,1744.9,1742.897890680435,1749.6883547110453,100.11702750146286,1812.826136354131,1676.9738636458692,3.262129973341416,1.157873401371363,43.92990590803041,25.906735751295333,48.74369154161902,,1765.0
2016-04-05,7701,1683,1727,1695,1650,1003000,1736.2,1726.007320430414,1739.7077519250363,94.99136442141624,1825.0180161904102,1647.3819838095899,6.989370201358042,1.5646761923404837,37.75011703239462,5.647058823529412,25.58286658987667,,1727.0
2016-04-06,7701,1636,1695,1643,1615,1316000,1728.5,1710.3695919681134,1729.7263853386373,95.51543389633082,1834.3574513201597,1622.6425486798403,9.75890297023534,2.2688174952443965,36.83530373479026,9.63855421686747,13.730782930564096,,1695.0
2016-04-07,7701,1616,1643,1640,1604,1067000,1717.4,1694.3023649819243,1718.9434490472313,93.59492210040392,1840.8575230595527,1593.9424769404475,12.164136004483225,3.239744519470403,35.18258445350206,7.3883161512027495,7.557976397199902,,1643.0
2016-04-08,7701,1583,1604,1651,1576,1635000,1708.1,1684.2473749653507,1710.942227056556,94.63048498845265,1839.512175995986,1576.687824004014,12.63345066101283,4.545956872302643,38.011419535346995,16.158536585365855,11.06180231781205,1604.0,
2016-04-11,7701,1639,1651,1643,1602,898000,1691.5,1672.384201820625,1701.7408866171047,90.70028011204482,1821.7958172774552,1561.2041827225448,13.485471635711292,6.187651130497468,36.01972787931629,17.841726618705035,13.79619311842457,,1651.0
2016-04-12,7701,1629,1643,1640,1607,783000,1675.6,1665.587067625687,1695.0621482270162,91.1371237458194,1789.7935199562567,1561.4064800437432,12.908859177201748,7.882862676293724,38.78318917508777,22.821576763485478,18.94061332251881,,1643.0
2016-04-13,7701,1649,1602,1676,1649,1006000,1664.1,1666.571237929122,1692.654424775969,93.56103023516238,1751.532030743887,1576.6679692561129,10.45985338873902,9.269853413824471,44.583044588989175,27.247579529737205,22.636960970642594,1602.0,
2016-04-14,7701,1722,1603,1731,1700,1008000,1660.6,1678.1037476100257,1696.3910894815963,98.01699716713881,1733.1269605043533,1588.0730394956465,5.757209212238877,9.71326480270242,52.52215213537891,42.60027662517289,30.889810972798543,1603.0,
2016-04-15,7701,1702,1608,1726,1702,854000,1663.3,1684.9939789767886,1698.3529762474452,101.59857904085257,1741.6328794313092,1584.9671205686907,3.0428724192090613,9.68890285224327,50.66726622322021,53.80359612724758,41.21715076071924,1608.0,
2016-04-18,7701,1636,1612,1666,1634,912000,1657.2,1678.6314345798178,1693.5154689659223,96.43483343074224,1728.9484494605983,1585.4515505394018,4.157949539007177,9.374300556426508,42.963923693140885,50.89903181189488,49.100968188105135,1612.0,
2016-04-19,7701,1684,1616,1708,1684,804000,1662.6,1683.2439026597624,1694.5643532638994,103.27272727272727,1739.3239206506028,1585.876079349397,2.292563507816567,8.544707282824422,49.70201417672254,48.16901408450705,50.95721400788319,1616.0,
2016-04-20,7701,1710,1620,1735,1710,1177000,1670.6,1689.9268313929297,1697.1088593754707,104.8780487804878,1752.7228348268616,1588.4771651731382,0.22084627499225462,7.217675090658759,51.529182056244075,52.58358662613982,50.5505441741806,1620.0,
2016-04-21,7701,1750,1626,1765,1736,956000,1683.2,1700.4855918345288,1702.199668624645,107.76818742293466,1770.1519407488986,1596.2480592511015,-2.480638490874071,5.538331851560214,54.63496995041313,73.26732673267327,58.00664248110673,1626.0,
2016-04-22,7701,1739,1637,1762,1723,1003000,1695.4,1711.4882136435365,1708.0814644815384,107.44356314826113,1788.1629236279234,1602.6370763720768,-4.833005615738784,3.502945490287983,56.04324370520841,88.35978835978835,71.40356723953383,1637.0,
2016-04-25,7701,1779,1647,1787,1764,898000,1710.4,1721.9449037380057,1714.1749615812057,109.26497838171711,1797.215666788892,1623.5843332111083,-6.6458994406034435,1.3301945327540732,56.92933561592363,93.3786078098472,85.00190763410295,1647.0,
2016-04-26,7701,1750,1661,1772,1743,1146000,1721.7,1726.6821945850008,1717.558286723386,106.91131498470948,1794.6221502699957,1648.7778497300044,-6.699376670541142,-0.5763865849437226,53.860072906408384,90.0163666121113,90.58492092724896,1661.0,
2016-04-27,7701,1748,1673,1748,1721,571000,1727.4,1726.921795595101,1718.602686225707,103.41113105924595,1792.0170256201864,1662.7829743798138,-5.606370509728549,-1.8390065540512144,51.03788454297711,81.67456556082149,88.35651332759335,1673.0,
2016-04-28,7701,1738,1787,1763,1683,1063000,1723.8,1720.936014055466,1716.1419337526354,97.91907514450867,1791.379878662216,1656.220121337784,-3.1247619021039554,-2.5242992564193276,46.57040399642508,68.5337726523888,80.07490160844054,,1787.0
2016-05-02,7701,1654,1748,1666,1605,1247000,1716.1,1706.0385558908247,1708.4263749985676,95.51282051282051,1800.846445353182,1631.3535546468179,1.1896953884511277,-2.8541052731477774,40.40854601268836,48.09688581314879,66.1017413421197,,1748.0
2016-05-06,7701,1640,1666,1654,1624,777000,1714.9,1693.6679086425702,1701.3826156538753,99.27272727272727,1803.603776695245,1626.1962233047552,4.119799905472746,-2.651079006741535,40.30412853258253,28.96174863387978,48.530802366472464,,1666.0
2016-05-09,7701,1655,1605,1669,1648,643000,1709.8,1686.2737430814238,1696.5436604672327,97.00704225352112,1805.9740089629204,1613.6259910370795,5.284187159172916,-2.0884855751659064,42.696121741335155,21.062271062271062,32.70696850309988,1605.0,
2016-05-10,7701,1640,1606,1684,1640,1056000,1705.8,1685.1330624765583,1694.8890809681589,97.67441860465115,1803.2630186275794,1608.3369813724205,4.663646775826919,-1.2946761010880183,46.826308109166355,28.57142857142857,26.19848275585981,1606.0,
2016-05-11,7701,1724,1609,1727,1684,1447000,1702.0,1689.6543239891153,1696.4003483390163,97.82608695652173,1795.4665715643828,1608.5334284356172,2.715479175941482,-0.4559555686790999,51.04810482349722,41.75824175824176,30.463980463980466,1609.0,
2016-05-12,7701,1750,1616,1797,1734,1942000,1705.4,1708.8080837652267,1706.2613439365186,101.93072118114708,1809.1157654361182,1601.684234563882,-2.609904403697783,-0.00751167568958206,60.59450515696406,66.54676258992805,45.625477639866126,1616.0,
2016-05-13,7701,1786,1630,1791,1750,1421000,1704.1,1717.3884323553254,1711.2356773595686,99.26512153759187,1804.8787676050856,1603.3212323949142,-4.3344777807883474,0.25525486761628396,55.268761822190896,78.79858657243817,62.367863640202664,1630.0,
2016-05-16,7701,1742,1643,1770,1737,990000,1703.0,1720.9541719895708,1713.8123277151574,99.37070938215103,1802.0636159243136,1603.9363840756864,-4.491590939085654,0.3791192643543834,52.832511428558455,82.11805555555556,75.82113490597392,1643.0,
2016-05-17,7701,1754,1655,1767,1748,945000,1706.6,1728.780686285501,1718.8314772891456,102.08333333333333,1811.4816475843122,1601.7183524156876,-5.705894391155653,0.09232676557086153,55.81328347225014,76.73611111111111,79.21758441303494,1655.0,
2016-05-18,7701,1757,1666,1767,1740,788000,1712.1,1732.4569251858084,1721.8485364086373,103.24675324675326,1819.499999999999,1604.7000000000007,-5.6600114905490955,-0.6687517765402744,53.779905003675665,75.52083333333334,78.12499999999999,1666.0,
2016-05-19,7701,1765,1676,1777,1754,671000,1724.8,1738.5556661196517,1726.2639552152386,107.74862721171445,1824.3702766893805,1625.2297233106194,-6.239413007692519,-1.8197754335586371,55.74760885656454,80.55555555555556,77.60416666666664,1676.0,
2016-05-20,7701,1743,1685,1758,1734,1300000,1734.9,1738.6364540985312,1727.5376304250856,106.16605616605617,1815.975026981184,1653.824973018816,-5.193488318592699,-2.9839615977548166,51.963798850245496,76.21527777777779,77.43055555555553,1685.0,
2016-05-23,7701,1727,1797,1731,1687,1053000,1742.6,1737.066189706891,1727.7838796901049,104.65819721718088,1803.119087897949,1682.080912102051,-3.910293722344477,-3.936621653107194,50.727815372355586,72.91666666666666,76.56249999999997,,1797.0
2016-05-24,7701,1724,1731,1729,1714,1065000,1747.4,1735.4177915697,1727.8054926932896,102.85714285714285,1793.0963893540797,1701.7036106459204,-2.829045294880416,-4.55267992764296,50.44069434571049,66.31944444444444,71.8171296296296,,1731.0
2016-05-25,7701,1747,1687,1753,1733,1498000,1751.4,1738.0691022047945,1730.0250332793225,102.3391812865497,1789.7061352788248,1713.0938647211754,-3.0254599750276157,-4.598852768901831,53.55482487385003,67.14542190305207,68.79384433805437,1687.0,
2016-05-26,7701,1767,1688,1771,1708,1343000,1744.3,1735.5110836131028,1729.422507998147,96.04456824512535,1772.6837981954434,1715.9162018045565,-1.865326916290769,-4.3245026728465445,49.589010421059804,63.793103448275865,65.75265659859078,1688.0,
2016-05-27,7701,1712,1691,1722,1700,981000,1739.3,1730.1454320316352,1727.0801803890754,97.15261958997722,1774.4801080157479,1704.119891984252,-0.19184237123045023,-3.8467528319737436,46.99444767564135,56.67351129363449,62.537345548320786,1691.0,
2016-05-30,7701,1702,1694,1716,1695,932000,1737.0,1727.2098989280587,1725.7721237459295,98.67587795048935,1775.3457950758582,1698.6542049241418,0.5776501174752866,-3.1485812199036394,48.28941948628365,42.15456674473068,54.20706049554699,1694.0,
2016-05-31,7701,1693,1771,1696,1675,3213000,1729.6,1720.4444627462806,1722.194816353048,95.80498866213152,1772.5343685175378,1686.665631482462,2.188455607558126,-2.2765293201139483,44.756746801833344,28.316326530612244,42.38146818965911,,1771.0
2016-06-01,7701,1678,1696,1708,1666,1445000,1723.9,1715.2727422388011,1719.175262534527,96.7409948542024,1770.0341522085298,1677.7658477914704,3.1192022692755472,-1.2366831782286074,45.11706993257103,19.72222222222222,30.06437183252169,,1696.0
2016-06-02,7701,1666,1694,1679,1631,1166000,1711.1,1701.2231527227095,1711.0575616309063,92.7519818799547,1772.0553935267408,1650.144606473259,6.145578089871151,0.023213089378486984,37.924540166710756,12.213740458015266,20.084096403616552,,1694.0
2016-06-03,7701,1638,1679,1652,1616,1347000,1701.0,1689.7280340337181,1703.7516640018218,94.19206440483036,1772.6491451449347,1629.3508548550653,8.005107052093535,1.3471465087604884,37.924540166710756,12.731481481481483,14.889148053906302,,1679.0
2016-06-06,7701,1607,1652,1614,1584,1721000,1688.4,1674.1411187413973,1693.7763237620456,92.71676300578035,1777.4267375567588,1599.3732624432414,10.586784782238738,2.837794295107061,33.97004191929457,9.8,11.581740646498893,,1652.0
2016-06-07,7701,1603,1614,1617,1587,1702000,1677.2,1663.5700062354908,1685.9985693976719,93.51851851851852,1771.5050369810651,1582.894963018935,11.4547887144804,4.446710816163507,36.48724931005302,13.528336380255942,12.019939287245785,,1614.0
2016-06-08,7701,1618,1584,1620,1588,1885000,1663.5,1654.3754596419035,1678.6986094130102,92.17142857142858,1751.086528644536,1575.913471355464,11.828367118794176,5.96823237561739,36.116560857572125,14.136125654450263,12.488154011568712,1584.0,
2016-06-09,7701,1630,1584,1636,1609,1450000,1653.2,1648.307194249596,1672.9286751691102,94.02552204176334,1733.8563078748352,1572.5436921251649,11.34807047128038,7.250444913674149,37.9275677855162,17.28395061728395,14.982804217330028,1584.0,
2016-06-10,7701,1640,1586,1644,1609,1706000,1646.7,1646.9786134764279,1669.7357711451373,96.18991793669403,1719.3693883282378,1574.0306116717622,9.750698318484865,8.269672491564101,42.32918813449933,21.92513368983957,17.7817366538579,1586.0,
2016-06-13,7701,1601,1589,1617,1601,1479000,1636.0,1639.7097746602299,1663.462129472152,93.75729288214703,1696.34567093007,1575.65432906993,9.938609466616526,9.130800698126146,37.46536880065747,20.855614973262032,20.021566426795157,1589.0,
2016-06-14,7701,1601,1644,1623,1590,1842000,1628.9,1635.9443610846668,1659.015875346456,95.79881656804734,1677.7790343603506,1580.0209656396496,9.206161363761566,9.80712948640237,40.08222689343392,20.499108734402853,21.093285799168125,,1644.0
2016-06-15,7701,1628,1590,1660,1627,2071000,1624.4,1637.9544772515171,1657.814277796196,97.3404255319149,1653.4957041502755,1595.3042958497247,7.134776186162753,9.917040385990326,45.783270516603544,23.6328125,21.662512069221602,1590.0,
2016-06-16,7701,1637,1590,1642,1596,1778000,1620.4,1630.6900268408901,1651.832805145222,97.55799755799755,1651.8222850855948,1588.9777149144054,7.774614587963242,9.891430112198073,38.82185284758406,24.50765864332604,22.879859959242935,1590.0,
2016-06-17,7701,1615,1660,1627,1588,1381000,1616.1,1624.2009310507165,1646.1494862594811,97.37484737484738,1648.4660315763363,1583.7339684236636,8.106978597101715,9.615896091627292,38.43651230075142,22.33502538071066,23.491832174678873,,1660.0
2016-06-20,7701,1607,1627,1634,1598,1596000,1616.5,1621.2553072229714,1642.3345144522534,100.24937655860349,1648.3527863773393,1584.6472136226607,7.482517983562275,9.174532677080833,41.16193346586958,12.894736842105264,19.91247362204729,,1627.0
2016-06-21,7701,1583,1626,1622,1561,1539000,1616.8,1620.8452513642103,1640.0010502458806,100.18564356435644,1648.6847926134137,1584.9152073865862,6.321882562516976,8.5627010597167,43.44346875321011,25.40983606557377,20.213199429463202,,1626.0
2016-06-22,7701,1610,1622,1611,1586,1164000,1615.5,1617.055205661332,1636.0009255331554,99.19404835709858,1648.921549934143,1582.078450065857,6.218625264807315,7.992762703441915,40.52071958578467,35.483870967741936,24.596147958473626,,1622.0
2016-06-23,7701,1593,1611,1615,1582,1127000,1614.7,1616.3178955410428,1633.7008227910912,99.50647748303516,1647.9391335627213,1581.4608664372788,5.357385709013897,7.504616857945141,43.32999757886884,47.151898734177216,36.01520192249762,,1611.0
2016-06-24,7701,1621,1561,1623,1457,1786000,1597.7,1589.896459986751,1617.4306756474045,89.64046313223643,1686.7620008757974,1508.6379991242027,11.163396236001972,7.640704276765746,27.854283935725277,26.184538653366584,36.273436118428556,1561.0,
2016-06-27,7701,1485,1623,1530,1485,2097000,1588.6,1576.4607399885879,1607.2875716886883,94.33727442439329,1689.7739096803152,1487.4260903196846,12.67320657604455,8.025931522574966,35.69274563522174,24.752475247524753,32.69630421168949,,1623.0
2016-06-28,7701,1480,1530,1516,1464,2057000,1577.3,1563.649696353853,1597.1587818114651,93.02038295243977,1687.2310693116403,1467.3689306883596,13.766825680217153,8.762825910803233,34.788212306177286,20.032840722495894,23.656618207795713,,1530.0
2016-06-29,7701,1519,1464,1533,1491,1154000,1565.3,1556.986115198417,1590.1428832398624,92.71402550091075,1668.1476543242518,1462.4523456757481,13.114296291013943,9.356123877808866,38.32306544732673,29.22824302134647,24.671186330455672,1464.0,
2016-06-30,7701,1545,1464,1549,1524,1580000,1557.9,1550.988639707656,1583.5285776149078,95.36921151439299,1660.9201921955153,1454.879807804485,12.407528818927403,9.833962791345053,38.00611932682074,30.541871921182267,26.600985221674843,1464.0,
2016-07-01,7701,1521,1467,1540,1506,993000,1549.5,1543.7179779424891,1576.2757027792768,94.73354231974922,1652.7482445371395,1446.2517554628605,12.147331487921065,10.352275402940474,36.59377937095235,31.362889983579638,30.377668308702756,1467.0,
2016-07-04,7701,1500,1470,1513,1488,773000,1539.8,1537.7692546801254,1569.7481186713026,93.96766169154229,1637.3081535052377,1442.2918464947622,11.597433864966888,10.938447769879353,36.59377937095235,28.735632183908045,30.213464696223284,1470.0,
2016-07-05,7701,1491,1549,1493,1453,2153000,1524.2,1524.1748447381108,1559.0732864490021,90.36442248301421,1615.7676798876173,1432.6323201123828,13.083735964741436,11.701237847649812,31.57003000265685,19.831932773109244,26.643484980198945,,1549.0
2016-07-06,7701,1420,1493,1432,1393,2180000,1505.4,1503.7794184218774,1544.3659325640217,88.25,1603.9299954328694,1406.8700045671308,16.041117813229675,12.888319192562676,27.284109551939267,13.112164296998422,20.55990975133854,,1493.0
2016-07-07,7701,1410,1432,1412,1381,1401000,1483.3,1483.4558877995441,1529.1293157740804,86.29882207067577,1574.2243641715545,1392.3756358284454,18.472541900275928,13.700446488593116,25.80462264265458,5.856515373352855,12.933537481153477,,1432.0
2016-07-08,7701,1392,1412,1403,1344,1973000,1471.0,1458.8275445630911,1511.0163590181314,91.63834126444596,1593.16382443261,1348.83617556739,21.580812298196406,14.6901804577211,22.86686878006398,4.3984476067270375,7.789042425692742,,1412.0
2016-07-11,7701,1369,1344,1408,1362,1190000,1459.1,1447.586172824283,1499.6147088519865,92.15039577836411,1584.5510263011095,1333.6489736988904,20.75930880881424,15.46712302756522,32.13311613622119,8.384710234278668,6.213224404786157,1344.0,
2016-07-12,7701,1441,1344,1474,1426,2081000,1455.1,1450.9341414017017,1496.2532341818733,97.34395750332006,1576.8093258546842,1333.3906741453156,16.379850795468656,15.829962416949078,42.59174939313979,21.385902031063324,11.389686624022978,1344.0,
2016-07-13,7701,1526,1349,1535,1494,2791000,1452.2,1459.4915702377887,1496.4279109406984,98.10085134250164,1568.1648222522751,1336.235177747725,11.4343761173227,15.721834338992998,46.69449560827082,39.30704898446834,23.02588708327008,1349.0,
2016-07-14,7701,1487,1360,1526,1480,1559000,1451.3,1469.584012012768,1498.2851215404687,99.40944881889764,1565.142171448026,1337.457828551974,6.950227839821991,15.144378378093101,48.78837898909425,58.58453473132372,39.759161915618435,1360.0,
2016-07-15,7701,1507,1370,1524,1502,1445000,1451.0,1476.5687371013735,1499.25661018385,99.80145598941098,1564.225438837753,1337.774561162247,4.024028148807247,14.302888854075364,47.95310119908964,70.97242380261248,56.28800250613482,1370.0,
2016-07-19,7701,1548,1379,1574,1531,1896000,1456.7,1493.1926030829766,1506.130954243872,103.77233620119127,1586.0276459230652,1327.372354076935,-0.8498309680346665,12.754714750433575,55.05583805901088,87.34375,72.30023617797872,1379.0,
2016-07-20,7701,1530,1394,1545,1521,1527000,1463.5,1500.06667524972,1508.617860472962,104.64798359535202,1600.3685500763474,1326.6314499236526,-2.415217726163519,10.704010801612108,50.48082373526471,86.46616541353383,81.59411307204876,1394.0,
2016-07-21,7701,1568,1408,1568,1533,1289000,1476.7,1508.054552477055,1512.1560765428842,109.3484419263456,1616.5829510698197,1336.8170489301804,-4.000549755282918,8.207000617661127,51.99036097875507,88.55072463768116,87.45354668373831,1408.0,
2016-07-22,7701,1537,1421,1567,1537,1360000,1493.9,1518.2264520266933,1517.3404716806374,112.35632183908046,1630.1452200996478,1357.6547799003524,-5.873680674556908,5.156501398466314,54.29855180057653,87.97101449275362,87.66263484798952,1421.0,
2016-07-25,7701,1575,1433,1588,1568,984000,1516.0,1527.4580062036669,1522.5064270164735,116.3946587537092,1617.73691562064,1414.26308437936,-7.191686814551986,2.0508352180922884,54.8825513260199,91.61931818181817,89.38035243741764,1433.0,
2016-07-26,7701,1556,1448,1556,1515,1469000,1528.1,1525.7383687120896,1522.0557841182454,108.66141732283465,1592.1465455743019,1464.053454425698,-5.508746761890734,-0.381231177169866,48.12706302129601,86.2116991643454,88.60067727963906,1448.0,
2016-07-27,7701,1531,1462,1558,1528,1422000,1536.2,1529.6041198553485,1524.5502066857334,105.52523874488404,1585.594736561714,1486.8052634382861,-5.538487440946028,-2.2671049058663915,51.76299145415567,82.24043715846994,86.69048483487784,1462.0,
2016-07-28,7701,1549,1474,1554,1506,1226000,1537.3,1525.8579162452831,1522.9951854677074,100.73431241655541,1583.6383210744746,1490.9616789255253,-3.63435844125911,-3.443170048208736,47.10389608103746,74.04371584699454,80.83195072326994,1474.0,
2016-07-29,7701,1509,1588,1512,1459,1852000,1536.7,1522.7928405643213,1521.59566647588,99.60396039603961,1584.3155436806207,1489.0844563193793,-2.233583166342214,-4.138460194336454,47.103896081037455,72.12885154061624,76.13766818202687,,1588.0
2016-08-01,7701,1475,1512,1488,1466,955000,1533.6,1514.4668695526238,1517.1360985519366,97.94429708222812,1591.2624661283326,1475.9375338716673,0.2602826554445983,-4.015114236172091,43.297767254352664,57.43670886075949,67.86975874945672,,1512.0
2016-08-02,7701,1459,1488,1477,1457,781000,1522.5,1504.0183478157803,1511.122487147724,92.92091836734694,1591.098833809338,1453.901166190662,2.8635062068624393,-3.428589354724762,41.064416134967324,38.15028901734104,55.90528313957223,,1488.0
2016-08-03,7701,1427,1477,1440,1418,1188000,1511.8,1489.469557303817,1502.4102364132175,93.0111038536904,1601.7991111067286,1421.8008888932713,6.060657342868808,-2.310677454930126,37.6166321876133,12.311015118790497,35.96600433229698,,1477.0
2016-08-04,7701,1415,1440,1442,1394,1512000,1501.1,1479.9296377940304,1495.8692114071487,93.06994818652849,1598.3890538550013,1403.8109461449985,7.438400962929563,-0.8315572729871847,39.76227319737224,9.8989898989899,20.120098011707118,,1440.0
2016-08-05,7701,1434,1394,1472,1431,1977000,1490.2,1475.3969763769333,1491.7822894989924,93.03069053708441,1581.0704572454733,1399.3295427545268,7.311384306958644,0.7798950738473296,42.70093505143402,19.71326164874552,13.974422222175278,1394.0,
2016-08-08,7701,1550,1394,1575,1523,3276000,1489.7,1491.5066170356747,1499.0040617695859,99.68132568514977,1578.8697258042291,1400.530274195771,1.969668899941098,1.6108301473842,56.53039959571712,47.07903780068728,25.563763116140876,1394.0,
2016-08-09,7701,1537,1401,1568,1525,1529000,1494.3,1504.6872321200988,1505.5036565812263,103.03030303030303,1593.0645685456145,1395.5354314543854,-1.7068667263656607,2.036565782337574,56.53039959571711,68.90034364261169,45.23088103068147,1401.0,
2016-08-10,7701,1564,1407,1566,1540,930000,1493.6,1511.1077353709902,1508.9532913953294,99.5475113122172,1590.9496789928007,1396.250321007199,-3.035387251117072,2.1031181367978005,53.24854250386275,83.50515463917526,66.49484536082473,1407.0,
2016-08-12,7701,1545,1413,1571,1533,951000,1499.3,1521.0881471217197,1514.6579629586251,103.77733598409542,1605.8309344744584,1392.7690655255415,-5.041296921645426,1.7911499417641101,56.2141788705167,83.8487972508591,78.75143184421533,1413.0,
2016-08-15,7701,1556,1419,1620,1554,1875000,1509.4,1537.2539385541352,1524.1921677199352,106.69317428760769,1635.1177791722448,1383.6822208277554,-8.274795870205025,0.8428078833585965,60.75159647609471,86.97068403908796,84.77487864304074,1419.0,
2016-08-16,7701,1625,1431,1665,1588,2794000,1520.5,1546.4804951806564,1530.572951584705,107.5152335815843,1652.2702546100645,1388.7297453899355,-9.193632208646022,-0.49687416280901037,57.54084860363806,84.22575976845152,85.0150803527995,1431.0,
2016-08-17,7701,1650,1449,1661,1612,3613000,1539.6,1564.938586965992,1542.3156574808997,113.10912834591626,1683.8004160881694,1395.3995839118304,-12.301963508191648,-2.5371653684823943,63.245990886406055,86.45833333333334,85.88492571362424,1449.0,
2016-08-18,7701,1632,1466,1664,1602,2254000,1559.4,1575.313389335812,1550.2840923769227,113.90449438202248,1688.2260843152549,1430.5739156847453,-12.827542741510115,-4.788936891197914,59.51415753908738,83.14883148831488,84.61097486336656,1466.0,
2016-08-19,7701,1629,1481,1659,1617,1676000,1581.2,1589.8018640020284,1560.755683901036,115.1704940848991,1692.3676211853121,1470.032378814688,-14.311702753536565,-7.191502120141826,62.5357221223723,91.38991389913899,86.99902624026238,1481.0,
2016-08-22,7701,1649,1495,1653,1618,1457000,1599.9,1599.292434183478,1568.8801160428777,112.85223367697594,1677.7945440964966,1522.0054559035036,-14.276004830813008,-8.996576979114504,60.61646396696682,90.6519065190652,88.39688396883965,1495.0,
2016-08-23,7701,1622,1508,1629,1599,1397000,1603.6,1599.6029006955728,1572.0921046278638,102.36572890025575,1677.7468812560649,1529.453118743935,-11.920270703738879,-10.131399643267084,54.89433142254392,88.06888068880689,90.03690036900365,1508.0,
2016-08-24,7701,1605,1520,1641,1605,1826000,1610.2,1605.1296460236504,1577.8828944721895,104.21994884910487,1680.7339634502484,1539.6660365497517,-11.297303888361284,-11.049390380738664,57.920133344703665,84.9938499384994,87.90487904879045,1520.0,
2016-08-25,7701,1628,1531,1641,1625,978000,1619.4,1610.0151649284412,1583.2946052832776,105.97402597402596,1672.8355686785587,1565.9644313214415,-10.620301616772167,-11.669279791308302,58.128746653777306,82.9896907216495,85.35080711631853,1531.0,
2016-08-26,7701,1623,1541,1638,1611,1093000,1623.9,1610.194225850543,1586.0651448739668,102.87356321839081,1664.6671436330896,1583.1328563669106,-8.866013875496037,-11.73497068078508,55.04311121917898,81.14374034003092,83.04242700005989,1541.0,
2016-08-29,7701,1648,1550,1661,1642,1027000,1627.7,1617.068002968626,1592.258630626024,102.36024844720497,1669.6432950541673,1585.7567049458328,-9.113387900606995,-11.726054646558522,59.15687827266672,79.84496124031007,81.3261307673301,1550.0,
2016-08-30,7701,1635,1559,1644,1615,3006000,1630.4,1616.692002428876,1594.5327676425522,101.70025188916875,1664.5197889794315,1596.2802110205687,-7.477352228364225,-11.189986726577697,54.377619582533086,70.77294685990339,77.25388281341475,1559.0,
2016-08-31,7701,1618,1567,1636,1609,2002000,1627.5,1617.1116383508984,1596.9794909549196,98.24029126213593,1660.0361337592674,1594.9638662407326,-6.324424935511161,-10.467418081466702,54.85373023403707,72.02970297029702,74.21587035683679,1567.0,
2016-09-01,7701,1623,1574,1640,1614,1228000,1628.9,1620.5458859234625,1600.8815419694058,100.86313193588164,1661.5735366925735,1596.2264633074267,-6.133999539253864,-9.558784390990846,56.91180827091989,66.66666666666666,69.82310549895566,1574.0,
2016-09-02,7701,1636,1581,1642,1630,736000,1627.1,1623.5375430282872,1604.4933878640843,98.91238670694864,1655.5316724798408,1598.668327520159,-5.862511592887586,-8.623951808999132,57.03588251079759,67.8125,68.83628987898786,1581.0,
2016-09-05,7701,1641,1587,1648,1618,764000,1625.3,1623.6216261140532,1606.4440491222088,98.90377588306943,1651.9540803630691,1598.6459196369308,-4.898350164798558,-7.843738415783542,54.82566361504149,61.6600790513834,65.37974857268331,1587.0,
2016-09-06,7701,1623,1593,1634,1613,593000,1628.0,1624.4176940933162,1608.5996442542782,101.68644597126794,1649.1660104885389,1606.8339895114611,-4.279583962251991,-7.063991757326954,55.39837930901002,49.75845410628019,59.74367771922116,1593.0,
2016-09-07,7701,1609,1665,1611,1584,1313000,1625.8,1621.4326588036222,1608.5396798277416,98.65030674846625,1650.028908353472,1601.571091646528,-2.8059704109221,-6.195732734454724,51.85824449228138,37.68115942028986,49.699897525984454,,1665.0
2016-09-08,7701,1604,1611,1620,1599,679000,1624.1,1620.2630844756907,1609.185711855719,98.95833333333334,1648.732498858235,1599.4675011417648,-2.0451867635313192,-5.437863055347533,52.990542412604555,38.35616438356164,41.931925970043864,,1611.0
2016-09-09,7701,1606,1610,1610,1593,968000,1623.2,1616.9425236619286,1608.4671406593839,99.4413407821229,1650.222953206505,1596.177046793495,-0.8672659325743552,-4.521627281121685,50.609847148394145,31.601731601731604,35.879685135194336,,1610.0
2016-09-12,7701,1579,1609,1579,1554,1072000,1615.0,1607.680246632487,1604.2204265361968,95.02427184466019,1654.0384425918987,1575.9615574081013,1.618319427843062,-3.5109970970986524,44.630169033982014,23.371647509578544,31.109847831623895,,1609.0
2016-09-13,7701,1565,1579,1579,1556,846000,1609.5,1599.0111108811257,1599.7983838289263,96.59442724458205,1660.6175116765378,1558.3824883234622,3.5279981509613663,-2.416283420823927,43.703358363325115,12.371134020618557,22.448171043976203,,1579.0
2016-09-14,7701,1555,1578,1572,1544,711000,1603.7,1592.09999981183,1595.9185454036685,96.41754169240272,1661.8656255876356,1545.5343744123645,4.665996112735002,-1.2162839039362754,43.9124143804573,10.574018126888216,15.438933219028408,,1578.0
2016-09-15,7701,1543,1572,1545,1531,779000,1594.0,1582.4454543914974,1590.2266908073655,94.07090464547677,1659.2993108692658,1528.7006891307342,6.3081486987741755,0.13601168402614247,40.36138993413593,8.757062146892656,10.56740476479978,,1572.0
2016-09-16,7701,1534,1545,1536,1500,1956000,1581.5,1569.6371899566795,1582.40402165744,92.36408063530848,1656.2596147662696,1506.7403852337304,8.471816643207148,1.6215857738045543,36.46414138069894,9.367088607594937,9.566056293791908,,1545.0
2016-09-20,7701,1513,1536,1535,1502,1876000,1571.1,1560.6122463281922,1576.163619442021,93.59605911330048,1648.2152384422238,1493.984761557776,9.306551355032298,3.1311563646139198,38.363219555087234,9.389671361502346,9.171274038663283,,1536.0
2016-09-21,7701,1520,1500,1551,1503,836000,1563.4,1558.864565177612,1573.647257479791,95.27027027027027,1631.0473207156135,1495.7526792843867,8.15447788749816,4.348983953327282,45.198730019950595,18.693693693693696,12.483484554263628,1500.0,
2016-09-23,7701,1551,1501,1554,1538,731000,1556.7,1555.616462418046,1570.3825317107617,95.83333333333334,1618.357440751308,1495.042559248692,7.585244220628965,5.419031840456203,43.522001110964545,25.225225225225223,17.769530093473723,1501.0,
2016-09-26,7701,1532,1503,1540,1512,599000,1546.7,1548.2316510693104,1564.844278507547,93.80804953560371,1599.0224617157974,1494.3775382842027,8.166524685497734,6.422786353575323,39.42670648925917,24.0990990990991,22.672672672672636,1503.0,
2016-09-27,7701,1500,1554,1537,1486,858000,1540.2,1546.1895326930724,1562.0598506422502,95.94257178526841,1577.3892457573565,1503.0107542426435,7.293344548317009,7.053344700294651,44.21040215436574,24.0990990990991,24.474474474474437,,1554.0
2016-09-28,7701,1513,1537,1536,1507,625000,1535.7,1541.6096176579683,1557.9538655587253,97.12643678160919,1570.098255769749,1501.3017442302512,7.216319700123449,7.463158205757105,41.635123674374746,23.488372093023255,23.89552343040712,,1537.0
2016-09-29,7701,1539,1486,1577,1530,1047000,1535.0,1543.6805962656106,1557.458479000757,99.55128205128206,1567.6312733432374,1502.3687266567626,5.465216119803927,7.551960428764763,48.141435892519226,36.77884615384615,28.12210578198947,1486.0,
2016-09-30,7701,1530,1487,1540,1518,869000,1532.0,1541.375033308227,1554.8126310906077,98.07815502882768,1559.655017627929,1504.344982372071,5.127077815593566,7.420730330633584,44.4710002465746,37.5,32.58907274895643,1487.0,
2016-10-03,7701,1551,1488,1554,1533,491000,1531.6,1540.2159363430947,1552.831367974758,99.74009096816114,1558.9525135956653,1504.2474864043345,4.555812569186855,6.985618766853552,45.287779891495425,45.86894586894587,40.04926400759731,1488.0,
2016-10-04,7701,1537,1489,1556,1533,703000,1534.6,1540.5403115534411,1551.7482311739418,101.98412698412697,1559.1307969703607,1510.069203029639,3.7058541694902942,6.363319079571107,46.76354393432213,48.38709677419355,43.918680881046434,1489.0,
2016-10-05,7701,1535,1490,1559,1533,701000,1537.8,1542.6238912709973,1551.7734080566174,102.10526315789474,1562.2262154252571,1513.3737845747428,2.5549329706345816,5.74114742214182,48.884688373538374,61.73285198555957,51.996298209566284,1490.0,
2016-10-06,7701,1570,1491,1583,1562,575000,1538.9,1546.146820130816,1552.7960672535103,100.70921985815602,1566.4019999272975,1511.3980000727026,1.2356960676975177,5.0356420718161035,50.987742711149416,70.46263345195729,60.19419407057009,1491.0,
2016-10-07,7701,1562,1494,1573,1549,605000,1542.1,1551.0292164706675,1554.8164605327015,102.07657365347178,1576.4330744326962,1507.7669255673036,-0.20303956098905473,4.105690488873127,53.26553503315043,80.35087719298247,70.84878754349972,1494.0,
2016-10-11,7701,1578,1497,1604,1578,1329000,1550.7,1560.114813476001,1559.434814488776,105.67656765676567,1595.1616688845693,1506.2383311154308,-2.4630132308388966,3.021650735633582,58.546579469300696,89.1025641025641,79.97202491583457,1497.0,
2016-10-12,7701,1573,1503,1595,1571,937000,1554.7,1563.1848473894554,1561.191333043097,102.6024723487313,1600.6830403518632,1508.716959648137,-2.8093642310193445,1.907685854395494,53.016498598485576,87.98798798798799,85.81380976117815,1503.0,
2016-10-13,7701,1565,1509,1580,1549,1339000,1557.6,1560.7876024095544,1560.0721997369533,101.90664036817883,1598.0395845676123,1517.1604154323875,-1.7112213932637133,1.1103039084990896,47.57244228150982,76.27118644067797,84.45391284374331,1509.0,
2016-10-14,7701,1550,1514,1569,1542,708000,1557.7,1559.5534928805444,1559.4649797623622,100.06439150032196,1598.0985148241998,1517.3014851758003,-1.0998255832980703,0.4184257530666855,48.417516257309984,62.994350282485875,75.75117490371724,1514.0,
2016-10-17,7701,1545,1519,1557,1534,675000,1560.1,1558.7255850840818,1559.0184817855331,101.5676028739386,1596.5247168829228,1523.675283117077,-0.6982707093739009,-0.16536127788450963,48.64040155013051,56.779661016949156,65.34839924670429,1519.0,
2016-10-18,7701,1554,1524,1559,1543,505000,1561.8,1557.5027514324304,1558.3166336061413,101.10749185667754,1594.8066659934184,1528.7933340065815,-0.2665021575060109,-0.6067342031063213,47.97073064050066,54.65465465465466,58.142888651363194,1524.0,
2016-10-19,7701,1553,1528,1560,1535,944000,1561.4,1553.956796626534,1556.2849702433425,99.74059662775616,1595.4376262392236,1527.3623737607766,0.6801258516818507,-0.8150461052121803,44.866339838549045,44.518272425249165,51.984196032284295,1528.0,
2016-10-20,7701,1532,1604,1544,1521,822000,1560.6,1552.1464699671642,1555.0564732178193,99.48453608247422,1595.8386151827945,1525.3613848172054,1.0230701701568705,-0.8386712049389189,46.465320315994965,33.82899628252788,44.33397445414388,,1604.0
2016-10-21,7701,1551,1544,1558,1533,1064000,1558.0,1549.2107481549524,1553.1508258943775,98.33546734955185,1596.157568056692,1519.842431943308,1.5929687805044068,-0.6391147225507565,44.607689177561,23.92156862745098,34.08961244507599,,1544.0
2016-10-24,7701,1528,1543,1531,1503,1117000,1552.1,1542.8087939449613,1549.2357433018708,96.24920534011443,1596.8343268642893,1507.3656731357105,2.94511649272431,-0.03821141993262245,39.88530960426765,19.25925925925926,25.669941389746025,,1543.0
2016-10-25,7701,1511,1531,1535,1511,799000,1544.9,1540.2981041367864,1547.212168970256,95.50281074328545,1577.3154284253824,1512.4845715746178,3.0774898212198423,0.6158834747606206,44.22115644909492,18.24561403508772,20.475480640599304,,1531.0
2016-10-26,7701,1528,1503,1532,1507,1025000,1540.3,1538.6075397482798,1545.590952072201,97.08306911857957,1565.4244900445974,1515.1755099554025,2.9800966952409453,1.137141040150027,44.79291354913167,21.45214521452145,19.652339502956128,1503.0,
2016-10-27,7701,1520,1503,1537,1510,956000,1537.6,1535.7698052485925,1543.3318568636898,98.25806451612902,1563.7564523588553,1511.4435476411445,3.1917045270324707,1.6139777190756428,42.89869194671122,24.422442244224424,21.373400497944516,1503.0,
2016-10-28,7701,1533,1504,1540,1523,1048000,1535.5,1535.2662042943032,1542.2986711767894,98.64864864864865,1559.3201595292953,1511.6798404707047,2.775201996951637,1.9999191308895914,45.97420340037332,25.742574257425744,23.87238723872386,1504.0,
2016-10-31,7701,1511,1506,1530,1510,1029000,1532.9,1534.1268944226117,1540.968804058495,98.32797427652733,1553.028586636947,1512.7714133630532,2.592486376683155,2.3175845235772763,44.931720323943104,25.850340136054424,25.338452212568185,1506.0,
2016-11-01,7701,1513,1540,1525,1506,858000,1529.8,1531.740186345773,1538.9719236518135,98.00257731958763,1546.456530250958,1513.143469749042,2.758263914449799,2.5484887527737152,42.83947034466745,27.40740740740741,26.333440600295845,,1540.0
2016-11-02,7701,1501,1525,1510,1491,857000,1525.9,1525.787425191996,1534.9747312851334,97.46423927178154,1549.7570744225081,1502.042925577492,3.8009975118777675,2.8571473462982593,37.647690774273364,21.052631578947366,24.770126374136385,,1525.0
2016-11-04,7701,1470,1510,1470,1451,1283000,1517.4,1513.6442569752692,1527.3772581540566,94.49481865284974,1561.4381652660632,1473.361834733937,6.2360480236175135,3.373045039977493,30.427342189601717,12.878787878787879,20.446275621714204,,1510.0
2016-11-07,7701,1489,1470,1498,1475,1320000,1512.6,1508.9816647979476,1523.439532337455,96.875,1557.9272544944106,1467.2727455055892,6.3540499692990124,3.7518154262635712,39.48844078153691,17.905405405405407,17.27894162104687,,1470.0
2016-11-08,7701,1560,1451,1619,1555,2840000,1522.0,1526.9849984710481,1531.8955791060207,106.20871862615589,1595.0807772263067,1448.9192227736933,0.6999574411663616,3.4876451618131847,61.71068090724364,52.331606217616574,27.705266500603273,1451.0,
2016-11-09,7701,1616,1454,1617,1474,2861000,1519.7,1523.169544203585,1529.3060211947816,98.49574885546109,1593.2012925056497,1446.1987074943504,1.5587268854717422,3.32971518294994,46.184909207710106,55.955056179775276,42.06402260093241,1454.0,
2016-11-10,7701,1600,1457,1626,1584,2317000,1528.6,1540.7750816211149,1538.3754190773113,105.81319399085565,1623.7764676797842,1433.4235323202156,-3.169451548705183,2.6229200634235337,58.69332828852162,74.55968688845401,60.94878309528193,1457.0,
2016-11-11,7701,1630,1463,1645,1593,1610000,1536.2,1551.3614304172756,1544.4378771707882,104.99015101772817,1640.1107309184235,1432.2892690815765,-5.303312287264816,1.7253073651772612,56.10625487387139,69.27374301675978,66.59616202832967,1463.0,
2016-11-14,7701,1608,1473,1624,1604,981000,1544.9,1563.8411703414072,1551.9940894550643,105.67514677103718,1660.2237182890017,1429.5762817109985,-7.553823793758738,0.5979395684614954,58.095399687004395,86.32326820603907,76.7188993704176,1473.0,
2016-11-15,7701,1637,1483,1647,1607,1423000,1554.1,1574.2336848247878,1558.8946805106716,106.01700457815566,1677.2923698935974,1430.9076301064024,-8.89097546603898,-0.6964203627039246,58.192558621234966,83.3904109589041,79.66247406056765,1483.0,
2016-11-16,7701,1632,1496,1640,1612,1132000,1565.8,1585.82756031119,1566.8052124607534,107.6923076923077,1696.2079752162456,1435.3920247837543,-10.307171199089225,-2.2639946639224795,59.89492854822478,89.76109215017065,86.49159043837126,1496.0,
2016-11-17,7701,1638,1508,1643,1617,980000,1579.1,1594.222549345519,1573.3246912155305,108.87258172114743,1706.6412090267333,1451.5587909732665,-10.6717599661049,-4.142639996113859,58.98206195824825,91.49659863945578,88.21603391617684,1508.0,
2016-11-18,7701,1642,1519,1650,1628,1017000,1597.8,1603.6366312826974,1580.5922220948326,112.81699794379712,1702.1486463735914,1493.4513536264085,-11.236350517127903,-6.097128939050183,60.4950323885488,95.26226734348562,92.173319377704,1519.0,
2016-11-21,7701,1658,1532,1683,1652,895000,1616.7,1616.9754255949344,1590.2329998863702,112.7016129032258,1701.2366192841941,1532.163380715806,-12.70357025883186,-7.58640979460554,63.688882778053795,96.01275917065391,94.25720838453175,1532.0,
2016-11-22,7701,1670,1550,1689,1660,1044000,1623.8,1628.2526209413102,1599.109699898579,104.41542288557213,1715.8165202558798,1531.78347974412,-13.398193768329065,-9.248289867250074,63.89170838526966,97.01046337817638,96.09516329743862,1550.0,
2016-11-24,7701,1673,1569,1709,1673,870000,1642.3,1639.6612353156174,1608.2987299095093,112.28419654714475,1700.210620787561,1584.3893792124388,-14.00999448957873,-10.452794638458247,65.1495543003499,95.32967032967034,96.1176309595002,1569.0,
2016-11-25,7701,1692,1591,1738,1692,1456000,1653.3,1656.0864652582325,1620.468856919498,106.79012345679013,1729.1105533550617,1577.4894466449382,-15.79305976274486,-11.618322135733807,68.93688751165602,95.26315789473684,95.86776386752784,1591.0,
2016-11-28,7701,1725,1617,1735,1710,1078000,1665.1,1667.1616533930994,1630.1219712282189,107.37961225766104,1740.159709565123,1590.0402904348769,-15.914117493419099,-12.547243657918292,66.34855494485359,94.0203562340967,94.87106148616795,1617.0,
2016-11-29,7701,1697,1638,1712,1688,1022000,1673.9,1674.5868073216268,1637.909774105884,105.43209876543209,1746.334522156225,1601.4654778437753,-15.091014495924583,-13.236136883461135,64.54182400911544,92.55050505050505,93.94467305977953,1638.0,
2016-11-30,7701,1735,1656,1753,1726,2096000,1686.1,1687.0255696267855,1648.4187966958868,107.52621838371377,1759.8696414522979,1612.330358547702,-15.68488279005328,-13.833660393568254,68.17165412432392,91.24820659971306,92.60635596143828,1656.0,
2016-12-01,7701,1763,1675,1780,1746,1712000,1698.2,1700.1118296946427,1659.476917026858,107.38705738705738,1776.0244177620402,1620.3755822379599,-16.342735703308108,-14.463768808813054,69.69875257853028,90.16129032258064,91.3200006575996,1675.0,
2016-12-02,7701,1752,1696,1754,1737,1100000,1709.3,1707.9096788410711,1667.8292253245527,106.8014705882353,1777.2237808135008,1641.3762191864992,-15.546736576794501,-14.942700593220454,66.27436264349922,87.21804511278195,89.54251401169192,1696.0,
2016-12-05,7701,1734,1712,1744,1712,1152000,1716.5,1709.7442826881488,1672.8463027923035,104.37424058323208,1769.733448131795,1663.266551868205,-13.375699119560295,-15.017381577745835,61.21365523182363,77.61194029850746,84.99709191129006,1712.0,
2016-12-06,7701,1760,1712,1761,1729,1346000,1722.9,1715.427140381213,1679.6616725133247,103.81633870005965,1770.7117140458329,1675.0882859541673,-12.556052252523159,-14.923810298211846,63.94165290041498,73.30754352030948,79.379176310533,1712.0,
2016-12-07,7701,1735,1712,1746,1729,1134000,1729.6,1720.9858421300833,1686.2955052622128,103.99047051816557,1768.9568291405756,1690.2431708594243,-11.845643534758665,-14.683326858787394,64.52577668266908,73.21428571428571,74.71125651103425,1712.0,
2016-12-08,7701,1770,1725,1778,1745,931000,1736.3,1727.7156890155227,1693.465954736206,103.96215257244235,1769.4064948310818,1703.1935051689181,-11.554116293971902,-14.212333140034843,65.95136681776953,80.33126293995859,75.61769739151795,1725.0,
2016-12-09,7701,1755,1729,1781,1754,1109000,1741.4,1737.403745558155,1702.2193592628212,102.94797687861272,1783.5350210632491,1699.264978936751,-12.062801968085978,-13.784409192775607,68.559348827953,87.38738738738738,80.31097868054393,1729.0,
2016-12-12,7701,1800,1739,1800,1766,1136000,1747.4,1744.6030645475812,1709.6974233367205,103.4944670937682,1790.9908247226458,1703.8091752773544,-11.851364517699267,-13.424448084083906,67.58972687689015,89.31116389548693,85.67660474094431,1739.0,
2016-12-13,7701,1765,1751,1780,1757,1042000,1753.0,1748.1297800843847,1715.1276810031668,103.27868852459017,1788.5527776692682,1717.4472223307318,-10.74358025843162,-12.875414469459278,64.40184578546672,85.1010101010101,87.26652046129482,1751.0,
2016-12-14,7701,1756,1800,1766,1732,1120000,1752.5,1746.288001887224,1717.414912902895,99.71313826735513,1788.7353418639925,1716.2646581360075,-8.46312382882138,-11.999902038960752,58.46281192479326,68.07387862796834,80.82868420815514,,1800.0
2016-12-15,7701,1759,1766,1775,1753,1090000,1753.9,1751.1447288168197,1722.9734216127035,100.7959067652075,1792.0622850468942,1715.737714953106,-8.274411050967728,-11.191865869424444,63.361049958130934,64.38746438746439,72.52078437214762,,1766.0
2016-12-16,7701,1778,1732,1822,1774,1441000,1761.4,1763.3002326683072,1732.4760794515842,104.30292598967297,1814.5729254414348,1708.2270745585654,-9.968992830544721,-10.813342948422713,68.50374593846516,74.02234636871509,68.82789646138262,1732.0,
2016-12-19,7701,1816,1733,1818,1790,665000,1769.7,1770.1547358195241,1739.3284715065236,104.83119906868453,1818.9507867957493,1720.4492132042508,-10.02474071731831,-10.53208611117773,64.80320343058676,85.39325842696628,74.6010230610486,1733.0,
2016-12-20,7701,1785,1734,1806,1775,555000,1775.8,1775.9447838523379,1745.5956243559522,103.50373348650201,1824.4275641997451,1727.1724358002548,-9.800178033986413,-10.30481216664748,64.92323799891435,87.28813559322035,82.23458012963391,1734.0,
2016-12-21,7701,1801,1735,1802,1769,803000,1778.2,1774.8639140610035,1748.0360619203852,101.37457044673539,1822.919570659839,1733.480429340161,-7.8696993549929175,-9.895432506760926,58.09545069269558,71.81818181818181,81.49985861278948,1735.0,
2016-12-22,7701,1766,1736,1767,1754,865000,1778.9,1773.0704751408211,1749.7324557283644,100.39817974971558,1822.5389734068108,1735.2610265931894,-6.089999961366857,-9.23178783934769,57.08524824735693,60.909090909090914,73.33846944016437,1736.0,
2016-12-26,7701,1809,1737,1880,1809,1999000,1787.9,1790.8758432970355,1761.8592101556417,105.05334081976419,1858.4092901680363,1717.390709831964,-9.590203449947012,-8.98054772070855,69.28070517290718,68.19407008086253,66.97378093604512,1737.0,
2016-12-27,7701,1874,1742,1888,1854,953000,1796.5,1803.9893263339382,1771.973289140163,104.839617332583,1879.471079298755,1713.528920701245,-11.29525801298746,-9.041845248992534,67.71663707015469,78.33333333333333,69.1454981077623,1742.0,
2016-12-28,7701,1863,1750,1874,1858,757000,1806.5,1814.9003579095859,1781.1759602262164,105.66893424036282,1895.2930177435155,1717.7069822564845,-12.148056239876723,-9.451282183554238,67.81445061148449,87.55364806866953,78.02701716095517,1750.0,
2016-12-29,7701,1862,1758,1862,1837,819000,1817.2,1820.373020107843,1787.5583642036381,106.15650172612199,1895.5724441369557,1738.8275558630444,-11.474625616852109,-9.806861579763613,63.855699783308154,80.46709129511677,82.11802423237324,1758.0,
2016-12-30,7701,1857,1765,1875,1838,888000,1826.1,1827.941561906417,1795.0025277833204,105.01974055273548,1902.5641092277951,1749.6358907722047,-11.450314868439818,-9.971452917307513,65.78051646493114,80.12820512820514,82.71631483066386,1765.0,
