value_date,stock_code,open,close,HIGH,LOW,VOLUME,SMA,EMA,SMMA,MOMENTUM,BBAND_UPPER,BBAND_LOWER,MACD,MACD_SIGNAL,RSI,STOCH,STOCHAS_SIGNAL,PSARBULL,PSARBEAR
2018-01-04,4696,657,652,658,650,7000,,652.0,652.0,,,,0.0,,,,,,
2018-01-05,4696,653,652,654,650,9200,,652.0,652.0,,,,0.0,,,,,,
2018-01-09,4696,660,650,662,655,10700,,654.813953488372,654.5830258302583,,,,-0.13675084238821,,100.0,,,650.0,
2018-01-10,4696,658,650,664,654,5900,,657.8403465346535,657.3213143355628,,,,-0.30444467806751163,,100.0,,,650.0,
2018-01-11,4696,660,650,668,658,8200,,660.7569067273191,659.928988303094,,,,-0.4805159436833719,,100.0,,,650.0,
2018-01-12,4696,674,651,677,669,15900,,664.196595490759,662.9320277702489,,,,-0.729216944752693,,100.0,,,651.0,
2018-01-15,4696,674,653,674,669,7800,,665.3540230200865,664.0951361032742,,,,-0.7015872453756629,,78.47421062953521,,,653.0,
2018-01-16,4696,667,655,667,662,10300,,665.2734810768834,664.2540143825609,,,,-0.5353009552114827,,66.19765915348563,,,655.0,
2018-01-17,4696,665,657,665,660,9400,,664.5612861476247,663.8860597999987,,,,-0.31405922162605293,-0.35576398123388725,58.771531839044734,,,657.0,
2018-01-18,4696,665,677,669,658,10300,662.5,663.603159872029,663.2894175207848,,675.9536240470737,649.0463759529263,-0.09301781839417345,-0.3660992943887954,54.390875055151106,,,,677.0
2018-01-19,4696,658,665,666,658,3400,663.4,663.0713668547266,662.9557753065886,101.38036809815951,675.0,651.8,0.01808920535540892,-0.36408938268263885,56.150778311214815,,,,665.0
2018-01-22,4696,662,658,667,660,14700,664.7,663.4567042273619,663.2406566941789,101.99386503067484,673.4658428003245,655.9341571996756,-0.05712567833450066,-0.3552421422322267,62.400538516040754,,,658.0,
2018-01-23,4696,666,658,666,664,7700,665.4,663.9558749837873,663.6106343913223,101.06221547799696,673.309487973314,657.4905120266859,-0.14332339933503135,-0.3373397779286178,63.79002517132809,,,658.0,
2018-01-24,4696,666,658,669,665,3500,665.7,664.5448320612544,664.0501085413955,100.45180722891567,673.6018985060555,657.7981014939446,-0.23549437147937624,-0.3101151587948405,65.17594091938169,,,658.0,
2018-01-25,4696,666,658,670,666,5300,665.8,665.3968578385516,664.6734350975718,100.1497005988024,673.8399004968967,657.7600995031032,-0.3697824557399372,-0.27017799334897874,67.82810240174493,,,658.0,
2018-01-26,4696,672,658,672,667,12000,665.1,665.700586742981,664.9590090104032,98.96142433234422,671.1299253726726,659.0700746273275,-0.3679519734292853,-0.23310740757715898,62.68671019957833,63.63636363636363,,658.0,
2018-01-29,4696,668,659,680,666,13900,665.5,667.0730366578798,665.9240496983709,100.59790732436473,672.8891812807645,658.1108187192355,-0.6029843903078245,-0.2406277892545303,70.02691871107092,67.10526315789474,,659.0,
2018-01-30,4696,675,680,682,653,24400,666.3,668.180565014169,666.756607133057,101.20300751879698,674.9278618440492,657.6721381559507,-0.7436117834199649,-0.2883558516760761,70.02691871107092,66.66666666666666,65.80276448697501,,680.0
2018-01-31,4696,680,653,705,674,44300,668.8,671.6795646379142,669.0971142218656,103.77643504531721,683.4095858941998,654.1904141058001,-1.4094235925654175,-0.4346231599173254,80.43969644338918,68.22429906542055,67.33207629666065,653.0,
2018-02-01,4696,637,705,652,617,88500,666.1,664.5174863434813,664.9878069714941,95.9090909090909,691.9062008052329,640.2937991947672,0.49581380496260863,-0.3815426488498588,32.92574163991311,41.42011834319527,58.770361358427486,,705.0
2018-02-02,4696,635,652,679,635,28000,666.9,665.3447201823313,665.4383210717884,101.21028744326776,692.5195238050984,641.2804761949016,0.21334773505145677,-0.3514900473625302,52.89981996962623,44.73684210526316,51.46041983795965,,652.0
2018-02-05,4696,650,617,660,649,13600,666.1,663.808918954104,664.50231368027,98.796992481203,692.3975284009733,639.8024715990267,0.5392566367379459,-0.2756478211321994,47.791001943470356,40.909090909090914,42.35535045251643,617.0,
2018-02-06,4696,640,617,649,617,31800,662.3,657.233119376228,660.4971029649857,94.29429429429429,697.1488163357092,627.4511836642907,2.018905273719156,-0.025158971665695792,38.19175276961156,39.015151515151516,41.55369484316852,617.0,
2018-02-07,4696,636,617,656,630,22700,659.2,653.341032792668,657.8350501871133,95.35232383808095,697.1978946785213,621.2021053214788,2.6064058913699455,0.3055286224576245,41.67226310783908,26.515151515151516,35.47979797979797,617.0,
2018-02-08,4696,631,617,640,631,9800,655.9,650.167087459728,655.4826681341947,95.06726457399103,695.6134737840948,616.1865262159051,2.9255237019316382,0.6714703641643938,41.67226310783908,18.560606060606062,28.03030303030302,617.0,
2018-02-09,4696,606,660,630,606,6700,652.1,646.2975485590456,652.6514756563394,94.30284857571213,694.0471095547713,610.1528904452288,3.366090545494103,1.112478690364608,39.419649622647675,22.181818181818183,22.419191919191913,,660.0
2018-02-13,4696,624,630,628,608,11600,645.6,639.3033348863316,647.9106503457153,90.34175334323923,692.4375917399686,598.7624082600314,4.505786090508991,1.6957451208011587,33.55889908036319,15.384615384615385,18.709013209013204,,630.0
2018-02-14,4696,605,628,607,595,12300,638.6,632.6786872480484,643.1715664786913,89.59881129271918,687.8276345155846,589.3723654844155,5.366392606112299,2.4486135873209047,32.3265459492073,10.714285714285714,16.093573093573085,,628.0
2018-02-15,4696,612,607,612,600,7000,630.1,627.0841325516897,638.8509009225503,87.627365356623,671.7312382712785,588.4687617287216,5.831181979208623,3.04143227334824,32.07286960785231,5.329153605015674,10.476018234638916,,607.0
2018-02-16,4696,600,606,600,594,4500,626.7,621.9654915297873,634.6893999854063,94.62875197472354,672.2020878641845,581.1979121358156,6.104231879184113,3.695974956029646,31.279836934857585,6.042296072507553,7.361911797269637,,606.0
2018-02-19,4696,597,594,615,596,7500,620.8,619.7856147368841,632.1225286008441,91.18086696562034,657.2285602240872,584.3714397759127,5.602438701159713,4.258550740965398,37.39256770810011,8.433734939759036,6.601728205760743,594.0,
2018-02-20,4696,601,615,612,587,14600,615.6,617.0929421182527,629.3138340504204,92.08523592085236,643.7879406839158,587.4120593160842,5.3190377609570305,4.625232128436273,35.832339058262775,11.470588235294118,8.648873082520224,,615.0
2018-02-21,4696,605,612,611,601,5400,613.5,615.2554167405272,627.0112949232596,96.656050955414,640.7946881279115,586.2053118720885,4.872955544828528,4.8770709788205595,36.9653317432985,16.822429906542055,12.242251027198392,,612.0
2018-02-22,4696,607,611,611,598,4300,610.1,612.8427143462931,624.4386118098453,94.65408805031447,633.5341630957872,586.6658369042128,4.650198653266216,5.068701528968846,35.287838990358,17.549668874172188,15.280895672002776,,611.0
2018-02-23,4696,601,610,610,601,4000,607.4,612.1434161278995,622.8551131961403,95.75471698113208,623.2795465930218,591.5204534069782,4.036294705488444,5.143168657857107,39.43186939561629,22.17898832684825,18.85036236918749,,610.0
2018-02-26,4696,612,587,612,604,2000,605.0,610.8436659696789,621.0284500800121,96.18441971383149,611.6932802122687,598.3067197877313,3.6801255641895523,5.051428599377169,37.9368562749759,23.504273504273502,21.077643568431302,587.0,
2018-02-27,4696,610,587,614,609,5700,605.4,611.0540339569219,620.1069205450096,100.6578947368421,613.1562877718627,597.6437122281372,3.004819686232736,4.78903160827944,42.07571899082962,30.80568720379147,25.496316344971067,587.0,
2018-02-28,4696,615,588,617,610,8100,606.3,611.2261117324346,619.2811600092535,101.49253731343283,614.7876380695661,597.8123619304338,2.455294537773625,4.413933003675551,42.07571899082962,35.602094240837694,29.970684982967555,588.0,
2018-03-01,4696,611,589,611,596,5600,606.1,609.184185460322,617.3208494292031,99.66777408637874,615.0643739324032,597.1356260675968,2.559309432538157,4.020052731826,37.15011005630138,38.18181818181819,34.86319987548245,589.0,
2018-03-02,4696,596,617,596,578,15500,604.1,603.6943588587114,613.4312731140772,96.661101836394,622.4836884220754,585.7163115779247,3.5168846077013995,3.788324499219521,30.435363723509482,26.71232876712329,33.49874706325972,,617.0
2018-03-05,4696,574,596,575,556,21900,598.7,595.0203395162242,607.6107161283555,91.14754098360656,632.3576885718544,565.0423114281457,5.115508373070952,3.7657101227877345,25.087096169061226,9.090909090909092,24.66168534661686,,596.0
2018-03-06,4696,573,575,576,567,13700,595.1,590.2883341775828,603.7028576201998,94.04958677685951,632.7558096447273,557.4441903552728,5.442312730709773,3.828972032330095,32.325757106499594,8.13953488372093,14.647590913917773,,575.0
2018-03-07,4696,569,556,577,565,12600,591.0,585.8714833669364,599.8915035127541,93.24546952224053,631.4079200157584,550.5920799842416,5.634486457870025,3.9383373439527407,31.567691126568178,12.568306010928962,9.932916661852998,556.0,
2018-03-08,4696,566,556,567,561,15400,587.1,581.7124231678577,596.1662264027036,93.52159468438538,629.962104474698,544.2378955253021,5.729612960175359,4.126483816695731,30.79009513032487,16.39344262295082,12.367094505866907,556.0,
2018-03-09,4696,563,577,568,554,8800,581.7,576.8550373283376,592.013357675479,91.13300492610837,625.7549656679008,537.6450343320993,5.986515564458955,4.3827493722812205,28.75590451795543,9.72972972972973,12.897159454536506,,577.0
2018-03-12,4696,562,567,562,546,17000,576.4,572.3354968541104,587.9803418946067,91.2396694214876,620.7188447502855,532.0811552497145,6.114658437315597,4.728287011290427,28.008616157325292,7.179487179487179,11.10088651072258,,567.0
2018-03-13,4696,545,546,569,545,9900,571.7,571.0016632371912,585.6659457331891,92.3202614379085,609.3940313577615,534.0059686422386,5.414102652203155,5.057043468449264,35.79501610424184,13.106796116504855,10.005337675240591,546.0,
2018-03-14,4696,565,545,565,559,5500,567.0,569.9103801698554,583.5861178694012,92.3202614379085,593.4726273724368,540.5273726275632,4.773343595357005,5.303047264318025,35.79501610424184,21.3953488372093,13.893877377733782,545.0,
2018-03-15,4696,568,545,568,560,7100,563.6,569.1993638048314,581.8173775379405,94.33333333333334,578.4108068652552,548.7891931347449,4.146649381093766,5.373021128028288,36.40860928300061,28.240740740740737,20.914295231484967,545.0,
2018-03-16,4696,569,545,583,552,10000,561.2,566.6175479461791,579.1217471108835,95.85492227979275,572.6472704169984,549.7527295830017,4.102184955745884,5.260429637214391,32.70593339384064,23.61111111111111,24.415733563020385,545.0,
2018-03-19,4696,555,546,569,555,7700,562.0,566.1416130420157,577.6025256464692,101.43884892086331,572.990905331222,551.009094668778,3.5307803216434195,5.04803714731813,38.24010549811026,23.14814814814815,25.000000000000004,546.0,
2018-03-20,4696,554,547,568,554,9100,561.9,566.4795115104675,576.6382476474664,99.82425307557118,572.649883720296,551.150116279704,2.850838467805943,4.738742926199898,40.57903821845534,24.761904761904763,23.84038800705468,547.0,
2018-03-22,4696,567,548,568,563,3800,561.8,566.2105029491075,575.4700337839294,99.82332155477032,572.4131993291318,551.1868006708681,2.4412543788312178,4.3733697504949935,39.37463025234909,32.804232804232804,26.90476190476191,548.0,
2018-03-23,4696,557,583,557,546,3900,560.2,562.7176155123617,572.6133709087908,97.15808170515098,573.963720427264,546.4362795727361,2.919343739472424,4.032572881052046,33.03845068260594,29.03225806451613,28.866131876884566,,583.0
2018-03-26,4696,527,557,558,527,23200,560.0,560.9507478873296,570.6460467533202,99.63963963963964,574.1138230114976,545.8861769885024,2.8763414923834034,3.672759887170691,36.695326321612534,33.10344827586207,31.646646381537,,557.0
2018-03-27,4696,556,527,589,556,8600,563.2,565.1415761924902,571.9851096741793,105.79710144927536,582.2536085821005,544.1463914178996,1.3283635541826015,3.2187888762795183,51.4484224001287,54.48717948717948,38.87429527585255,527.0,
2018-03-28,4696,566,527,572,562,16100,563.1,564.9340146481721,571.1846254854554,99.82300884955752,582.1252463847355,544.0747536152645,1.1624725445450395,2.8175809817448556,44.27880084387466,66.66666666666666,51.41909814323606,527.0,
2018-03-29,4696,562,528,585,562,5800,564.9,568.2187682171982,572.3687900429675,103.18584070796459,587.3935546323806,542.4064453676193,0.13765957822602104,2.372137670315106,51.23175808244384,80.64516129032258,67.26633581472291,528.0,
2018-03-30,4696,593,529,593,574,9100,566.0,569.8153673309691,572.8328375922549,101.94346289752649,589.6474100061698,542.3525899938302,-0.2834306076837265,1.8848470521562604,49.146204185691126,75.26315789473685,74.19166195057537,529.0,
2018-04-02,4696,574,531,577,566,5500,567.5,569.8489371052809,572.5490438527565,102.7027027027027,590.043291685109,544.956708314891,-0.23672912854908645,1.4662348910237597,46.75486888612997,76.80412371134021,77.57081429879989,531.0,
2018-04-03,4696,569,533,569,556,8600,566.8,567.5127554415469,570.9916206324696,98.75886524822694,590.1546569231898,543.4453430768101,0.4020961447332638,1.194152410682351,42.608423448880046,62.121212121212125,71.39616457576308,533.0,
2018-04-04,4696,559,535,566,553,6300,566.6,567.2377079109614,570.4917309406133,99.64788732394366,589.9443783382617,543.2556216617384,0.40682267850934295,0.9681044439799203,46.16780880796835,56.56565656565656,65.16366413273633,535.0,
2018-04-05,4696,566,537,566,554,7400,566.2,566.1035755337912,569.5413127792688,99.29203539823008,589.7762592452641,542.623740754736,0.6282546003018297,0.7135389840720765,44.51601690959354,52.02020202020202,56.90235690235693,537.0,
2018-04-06,4696,561,593,561,538,10100,566.0,562.2665516523092,567.0842846197907,99.6343692870201,590.2487113059622,541.7512886940378,1.4972257224090981,0.560303898519376,39.62980131369331,45.95959595959596,51.51515151515154,,593.0
2018-04-09,4696,543,561,554,543,3600,566.0,560.5817204333441,565.6743600634431,100.0,590.2487113059622,541.7512886940378,1.6701817459749009,0.5982836976074092,42.998757309726805,39.39393939393939,45.791245791245814,,561.0
2018-04-10,4696,549,554,549,545,4700,562.5,558.475949353624,564.0053301252449,94.0068493150685,585.4128784747767,539.5871215252233,1.9204775144522728,0.6825064720415462,41.744387720596244,33.33333333333333,39.562289562289585,,554.0
2018-04-11,4696,551,549,551,537,1800,560.1,555.116680968662,561.6027320689858,95.74468085106383,586.6247054649034,533.5752945350966,2.446185482937153,0.9390093503427832,38.98842994053585,30.808080808080806,34.51178451178453,,549.0
2018-04-12,4696,543,548,544,536,3800,555.7,552.1863718650226,559.3407090651215,92.45283018867924,580.0811402522495,531.3188597477506,2.772937471982459,1.278605803639026,38.682842837181155,23.737373737373737,29.292929292929315,,548.0
2018-04-13,4696,543,544,546,536,5200,552.3,550.5161208153742,557.7054997281433,94.10745233968805,573.0663188841896,531.5336811158103,2.7241953038089832,1.607597407234367,40.68549203990892,16.93121693121693,23.825557158890515,,544.0
2018-04-16,4696,543,536,547,542,1900,550.0,549.8768256144582,556.6342785509047,95.96491228070175,567.2046505340808,532.7953494659192,2.4227701588837363,1.832116742139975,42.70086586211579,16.666666666666664,19.111752445085802,536.0,
2018-04-17,4696,540,547,540,535,2400,548.2,547.8992196735434,554.8698557009396,96.76840215439856,565.8589920437108,530.5410079562893,2.513404588493586,2.066181398804891,39.78899363013268,12.790697674418606,15.46286042410076,,547.0
2018-04-18,4696,536,540,546,536,4000,545.5,546.2811788735359,553.2820642809938,95.22968197879858,559.2767920794296,531.7232079205704,2.497422682833985,2.273866741308464,39.788993630132666,10.982658959537572,13.480007766874309,,540.0
2018-04-19,4696,540,535,540,531,4100,543.1,544.5936910723268,551.6531137875546,95.72192513368985,553.0779757466045,533.1220242533956,2.5020673372138162,2.3855158096200992,39.01754859414938,8.641975308641975,10.805110647532745,535.0,
2018-04-20,4696,537,531,547,537,7200,543.2,544.8493836955396,551.087569914665,100.18348623853211,553.2717426496027,533.1282573503973,2.0128465951243015,2.4235896817478104,44.25527719733011,17.6056338028169,12.410089356998844,531.0,
2018-04-23,4696,546,531,549,535,8000,542.8,545.6040414249679,550.8787356569278,99.27667269439421,551.5086164228209,534.091383577179,1.4812881633254165,2.3747908649559375,45.92259126579622,32.773109243697476,19.673572785052144,531.0,
2018-04-24,4696,546,532,551,546,8100,542.5,545.6760339102901,550.3906995802793,99.4535519125683,550.5124902495932,534.4875097504068,1.2143459273207782,2.2379198032207848,44.489557498477524,44.44444444444444,31.607729163652966,532.0,
2018-04-25,4696,545,533,554,545,3900,543.7,546.8258461505059,550.5516778659421,102.22222222222221,553.2937479641602,534.1062520358399,0.7193613782346802,2.009744681693254,47.98553668909452,54.0,43.739184562714,533.0,
2018-04-26,4696,560,535,575,553,17600,546.5,550.493874707553,552.1969538458268,105.1948051948052,562.9012194668516,530.0987805331484,-0.3301421697697151,1.6703738512956205,55.526400870383895,66.05504587155964,54.833163438668045,535.0,
2018-04-27,4696,563,539,571,559,6600,548.9,553.4949887883066,553.6776178916195,104.41988950276244,569.1277037747698,528.6722962252302,-1.0304176532355314,1.2866863166157019,55.5264008703839,78.8135593220339,66.2895350645312,539.0,
2018-05-01,4696,587,543,593,559,30700,552.3,558.4959004510835,556.4104531572773,106.21572212065813,580.1143847675953,524.4856152324046,-2.118896026809807,0.7719862482486582,61.558920159089254,81.33333333333333,75.4006461756423,543.0,
2018-05-02,4696,584,550,591,582,6200,557.5,564.4057372484215,559.8700880993639,109.64749536178107,592.0514109697398,522.9485890302602,-3.2520523512214368,0.1331556889091669,65.19091859149582,86.90476190476191,82.35055152004306,550.0,
2018-05-07,4696,600,556,600,593,7400,562.9,569.6046944835397,563.1836656745141,110.01855287569573,600.9047365469077,524.8952634530923,-4.011356779568587,-0.5905581018444335,65.88515620468239,89.11917098445595,85.78575540751707,556.0,
2018-05-08,4696,600,563,604,600,4300,569.6,575.858386760942,567.2659492838449,112.47672253258844,610.4920530176693,528.7079469823308,-4.909612256013929,-1.359720196415348,69.4893965756635,95.58823529411765,90.53738939444519,563.0,
2018-05-09,4696,603,570,605,598,5700,575.3,580.793225767542,570.839866644777,110.43956043956045,617.3195192737837,533.2804807262162,-5.320443841549491,-2.1154681969570044,68.77799978851408,95.83333333333334,93.51357987063564,570.0,
2018-05-10,4696,602,605,602,560,24400,578.1,580.1035483282917,571.45595946059,105.10018214936248,616.2937167607433,539.9062832392567,-4.234842258797698,-2.720933550970168,53.45511164301058,86.42533936651584,92.61563599798895,,605.0
2018-05-11,4696,569,602,569,534,23400,577.3,572.4483574782183,568.1099750246347,98.53479853479854,618.376027071759,536.2239729282409,-1.5696740752613323,-2.9752708235808365,39.308474308355734,56.30630630630631,79.5216596687185,,602.0
2018-05-14,4696,537,569,539,528,14100,576.0,566.3668377775227,565.1986733037289,97.64492753623189,620.8464045381554,531.1535954618446,0.2365839491751558,-2.9123012548091842,39.748775572679904,28.444444444444443,57.05869670575552,,569.0
2018-05-15,4696,539,539,547,535,7600,573.8,562.4819580984021,563.1786159948268,96.11992945326278,622.2132213346714,525.3867786653285,1.1750796816929778,-2.6672459953726833,42.446689681861166,15.350877192982457,33.36720931457773,,539.0
2018-05-16,4696,545,528,546,532,8300,571.0,558.2125110966019,560.7605497265934,95.06172839506173,623.7105302572444,518.2894697427556,2.0511356715651345,-2.2039091399976893,40.49398124352196,16.883116883116884,20.22614617351459,528.0,
2018-05-17,4696,533,546,534,521,7400,566.1,553.4465999197959,557.8842756470024,91.56626506024097,623.1154365062645,509.0845634937356,2.904123034964414,-1.5198896526437062,38.28133432735097,16.386554621848738,16.206849565982683,,546.0
2018-05-18,4696,551,521,552,533,8400,561.6,552.0926726457683,556.6957665985814,92.38578680203045,617.1280109494287,506.07198905057135,2.7460190242626368,-0.7690701188846814,44.78011414434236,19.183673469387756,17.48444832478445,521.0,
2018-05-21,4696,556,521,557,547,4200,558.0,552.9849139914651,556.7261918160702,93.929173693086,609.4353963725358,506.5646036274642,2.046809954597279,0.003865682294341847,49.29756507560409,28.57142857142857,21.380552220888347,521.0,
2018-05-22,4696,560,522,560,554,3400,553.2,553.5331114518674,556.6535686014574,92.05298013245033,594.5356988570396,511.8643011429604,1.5566742421406161,0.7679899138154648,48.90586748125144,38.095238095238095,28.616780045351465,522.0,
2018-05-23,4696,561,524,561,550,3500,548.0,553.0725457303869,556.0881834833872,91.37645107794361,572.7062745066888,523.2937254933112,1.4077615097237413,1.3949458880956247,46.899332282132086,40.07936507936508,35.582010582010575,524.0,
2018-05-24,4696,557,526,557,551,2800,545.8,553.4229919630678,555.9793602399654,96.18717504332756,562.3601932355833,529.2398067644166,1.0790280065115212,1.6892461194037196,48.71223403301217,39.285714285714285,39.15343915343915,526.0,
2018-05-25,4696,555,528,555,546,2300,547.0,552.8006297852877,555.3814000082868,102.23048327137548,562.8492902049228,531.1507097950772,1.0540689965209822,1.7800777913310337,46.57184637152393,36.904761904761905,38.75661375661375,528.0,
2018-05-28,4696,542,530,546,541,1800,547.7,551.5641516381568,554.4432258247165,101.29870129870129,562.6679657936496,532.7320342063505,1.1893561086884574,1.781664060997198,44.873150529155325,34.92063492063492,37.03703703703703,530.0,
2018-05-29,4696,548,532,551,547,3500,548.1,551.0979422480586,553.8988853923148,100.73394495412845,562.9714491560125,533.2285508439876,1.1058780103146546,1.676635431969367,46.45073149284915,32.93172690763052,34.919041244342445,532.0,
2018-05-30,4696,550,534,555,550,5100,549.5,551.4437709310445,553.8089942001546,102.59740259740259,563.2767920794307,535.7232079205693,0.8307274023386526,1.4462581394553935,48.56430107273688,39.906103286384976,35.91948837155014,534.0,
2018-05-31,4696,551,536,555,545,6500,551.0,550.6358125783883,553.1280766940178,102.81954887218046,558.7974354758386,543.2025645241614,0.8958337879133751,1.2406820020832532,45.653496842336864,50.887573964497044,41.241801386170856,536.0,
2018-06-01,4696,556,538,556,546,7800,551.6,550.8838466554361,553.0152663278549,101.0989010989011,558.6540768354099,544.5459231645901,0.6815724950229196,1.0889889510194355,48.42756379850561,69.53125,53.44164241696068,538.0,
2018-06-04,4696,551,539,558,551,3500,551.6,551.9958745377007,553.413748268302,100.0,558.6540768354099,544.5459231645901,0.28479341924969503,0.947668859587111,51.11480922032556,77.5,65.97294132149902,539.0,
2018-06-05,4696,557,561,557,539,11800,550.5,550.7238973476851,552.5723571493969,98.02158273381295,557.8891812807553,543.1108187192447,0.561287721042163,0.853616216400269,45.04799032748344,75.83333333333333,74.28819444444444,,561.0
2018-06-06,4696,541,557,542,531,8700,548.8,547.6831887363887,550.7150890679693,96.91470054446461,561.1223374405939,536.477662559406,1.2388749659191944,0.8713769896677882,40.32336692745114,57.27272727272727,70.2020202020202,,557.0
2018-06-07,4696,541,542,542,534,4300,547.5,546.6498816926787,549.8435664920028,97.65765765765767,559.6737422348209,535.3262577651791,1.2901994454657597,0.8976137062172079,44.85331449998845,38.0,57.03535353535352,,542.0
2018-06-08,4696,534,541,540,533,6100,546.5,545.4408122933107,548.8591959476087,98.18181818181819,559.3140547837077,533.6859452162923,1.377551413663582,0.9185242956588885,43.95501331769379,25.555555555555554,40.27609427609426,,541.0
2018-06-11,4696,539,540,540,537,3500,545.6,543.9061191483464,547.6732612864555,98.35164835164835,559.6342438342741,531.5657561657259,1.5327573118877353,0.9659553291670085,42.57753771777052,28.888888888888886,30.814814814814792,,540.0
2018-06-12,4696,545,531,545,538,2900,544.6,543.0140974846655,546.8059252408533,98.1785063752277,558.944336861628,530.255663138372,1.4983503168687093,1.0401356530036816,43.84107399858653,26.436781609195403,26.960408684546593,531.0,
2018-06-13,4696,549,531,550,539,8700,543.9,543.5569888512618,546.7253318874276,98.73417721518987,557.180060240822,530.619939759178,1.1058794325613235,1.0634740579645647,48.14211363587794,34.523809523809526,29.94982667396458,531.0,
2018-06-14,4696,542,531,554,542,6100,544.6,545.4557181515244,547.452805436099,101.2797074954296,559.1382254763042,530.0617745236958,0.4369490177775788,1.0362936716039712,52.60920914345367,56.79012345679012,39.250238196598325,531.0,
2018-06-15,4696,560,532,560,545,12900,544.3,546.100133033202,547.607526182125,99.45652173913044,558.3299679258314,530.2700320741685,0.20145922067069932,1.0270343162063051,49.726109773128044,67.46987951807229,52.92793749955729,532.0,
2018-06-18,4696,545,560,546,533,10000,542.0,543.9001088449655,546.2467633558459,95.87073608617594,554.3935467078581,529.6064532921419,0.7281596720846437,1.045575644099914,42.24627217201898,51.76470588235295,58.6749029524051,,560.0
2018-06-19,4696,536,546,542,532,4700,540.8,541.9182708728724,544.9220780765809,97.79816513761467,554.0905981806636,527.5094018193363,1.1084442956487237,1.031083347403195,41.794910674108195,26.436781609195403,48.557122336540196,,546.0
2018-06-20,4696,531,542,534,525,3200,540.7,540.2967670776164,543.729863024552,99.812734082397,554.2070352039173,527.1929647960828,1.331761755738853,1.0357013818779832,41.794910674108195,13.978494623655912,30.726660705068067,,542.0
2018-06-21,4696,531,534,532,501,17000,536.6,533.1519003355528,539.4568533540474,92.43542435424355,563.8939553747686,509.3060446252315,2.918876268464601,1.2069596990780964,29.928088353729493,8.130081300813007,16.18178584455475,,534.0
2018-06-22,4696,500,531,517,500,11000,533.8,529.3061002742443,536.7111545046401,94.81481481481482,564.6389364278318,502.9610635721681,3.395726831490606,1.4139563123673042,36.59273945736039,12.987012987012985,11.69852963716061,,531.0
2018-06-25,4696,504,517,509,501,5300,530.3,524.3413547695205,533.2400236781331,93.48230912476723,566.3893336042639,494.210666395736,4.0755725370258915,1.7003143368292133,33.47561583302445,7.82122905027933,9.646107779368414,,517.0
2018-06-26,4696,502,509,505,501,3700,526.8,520.6429266294152,530.3160096530844,93.5064935064935,565.5277678158689,488.072232184131,4.318065861708874,2.0572239400678303,34.674172852141126,10.0,10.269414012430746,,509.0
2018-06-27,4696,508,500,519,508,3100,523.3,518.8896672421743,528.384401757068,93.58974358974359,560.7598451678574,485.8401548321425,4.0262747044452,2.456037905253121,38.82831190681473,9.444444444444445,9.088557831574565,500.0,
2018-06-28,4696,512,500,533,512,9400,519.5,518.3642731981242,527.1459575821203,93.14079422382672,550.9610870759396,488.03891292406036,3.4740999320432593,2.8196646509611836,41.68105347535818,17.22222222222222,12.222222222222195,500.0,
2018-06-29,4696,516,501,534,516,8900,517.7,520.661678071258,527.5313629440201,96.72131147540983,543.8082362483539,491.5917637516462,2.301117015253112,2.994437689091013,49.3172649374635,32.22222222222222,19.6296296296296,501.0,
2018-07-02,4696,539,502,548,536,14900,518.6,524.7231911493059,529.0782306957435,101.68539325842696,547.3777691977655,489.8222308022346,0.8824480581010903,2.969326996030165,54.45512701485163,50.0,33.14814814814812,502.0,
2018-07-03,4696,543,505,560,526,29400,520.4,529.5007927586141,531.2704127868296,103.37711069418387,554.3434824377207,486.45651756227926,-0.47426471359347033,2.7686573883265737,57.545026797823425,69.44444444444444,50.55555555555552,505.0,
2018-07-04,4696,551,510,587,550,41000,525.5,539.4097395299299,536.5433826800319,109.56848030018762,576.5156838629049,474.4843161370951,-2.901139055446947,2.1219890190030686,67.3769433722168,85.99033816425121,68.47826086956519,510.0,
2018-07-05,4696,590,519,595,552,56500,530.9,542.2443323427061,538.3890479314124,110.77844311377245,581.8309336258413,479.9690663741587,-3.1162189512011764,1.3984394875928703,55.26466377820081,78.51239669421489,77.98239310097016,519.0,
2018-07-06,4696,550,529,571,539,26700,535.5,545.1089991895168,540.3501465038178,108.984375,587.0771267133005,483.9228732866995,-3.3043893743006265,0.5784437196677017,56.14300128964676,71.11913357400722,78.5406228108244,529.0,
2018-07-09,4696,561,595,568,537,18400,541.6,548.3619084278142,542.6151353517981,112.15139442231074,590.2308544033503,492.9691455966497,-3.5608619873453335,-0.29699270800498806,57.63593918112475,61.75438596491228,70.46197207771142,,595.0
2018-07-10,4696,570,568,580,570,5700,548.6,553.0233796227898,545.7536261793858,113.88888888888889,593.5817740868439,503.6182259131562,-4.132601540462929,-1.20353451299478,60.79765103310859,68.42105263157895,67.09819072349944,,568.0
2018-07-11,4696,573,537,573,553,7200,553.0,553.382765145921,546.6782647182404,108.6105675146771,590.3737876057519,515.6262123942481,-3.5155451920221594,-1.9801617490020489,53.38625890552505,67.36842105263158,65.84795321637422,537.0,
2018-07-12,4696,559,537,561,540,8700,557.0,553.8586260284831,547.6104392960154,107.75193798449611,585.0855834904645,528.9144165095355,-3.0358287348303747,-2.5731557212335474,53.70612456182744,64.7887323943662,66.8594020261922,537.0,
2018-07-13,4696,564,537,566,554,11100,559.5,554.2479667505786,548.449396216589,104.70809792843691,581.7216111027049,537.2783888972951,-2.617687479682786,-2.9620596698762003,53.70612456182745,58.303886925795055,63.48701345759756,537.0,
2018-07-17,4696,559,537,564,554,3800,560.8,554.5665182504744,549.2044572835719,102.39410681399632,580.3714077163563,541.2285922836436,-2.254093784532188,-3.159818455536058,53.70612456182745,57.45454545454546,60.18238825823553,537.0,
2018-07-18,4696,556,537,568,554,4400,562.0,556.0998785685738,550.5840126875966,102.17785843920144,580.460769214739,543.539230785261,-2.261689012676811,-3.0887684507838205,56.32627358264573,58.333333333333336,58.03058857122457,537.0,
2018-07-19,4696,566,537,568,564,1600,560.3,558.0817188288372,552.2256126315654,97.08904109589042,572.3681398732305,548.2318601267694,-2.381855351250465,-3.0071724952337413,57.79621651601673,60.24096385542169,58.676280881100105,537.0,
2018-07-20,4696,558,537,563,558,4600,560.7,558.2486790417762,552.90305181882,100.72072072072072,572.2948264325024,549.1051735674977,-2.0206800929360043,-2.8645381306376723,53.88960769322305,58.44155844155844,59.00528521010443,537.0,
2018-07-23,4696,556,537,558,552,4200,560.5,557.8398283069072,553.2127468222551,99.6415770609319,572.3406080924864,548.6593919075136,-1.575555915285122,-2.6439485670754266,52.457665687144626,52.53456221198156,57.07236150298717,537.0,
2018-07-24,4696,560,537,561,560,1300,560.2,558.2325867965609,553.8914725055554,99.46714031971581,571.9234807117962,548.4765192882039,-1.4103778283326847,-2.3414792657276218,54.2049452990533,43.87755102040816,51.61789055798266,537.0,
2018-07-25,4696,561,537,565,561,400,559.0,558.9175710153687,554.7023256480143,97.90940766550523,566.536577472557,551.463422527443,-1.3474764208834813,-2.100582735601102,55.09362366355333,42.16216216216216,46.191425131517235,537.0,
2018-07-26,4696,566,537,571,562,2900,559.7,559.4780126489385,555.4320934015544,101.26126126126127,566.9138755187386,552.4861244812615,-1.2634361936658252,-1.903650231027263,55.09362366355333,45.911949685534594,43.98388762270158,537.0,
2018-07-27,4696,569,537,571,567,2800,561.0,561.2092830764053,556.7888845940764,102.33812949640289,569.6255434611307,552.3744565388693,-1.490749387673418,-1.7784348874706666,58.372631073435755,56.94444444444444,48.33951876404701,537.0,
2018-07-30,4696,566,537,585,566,18300,563.9,565.5348679716066,559.609997131483,105.21582733812949,580.0604455384082,547.7395544615918,-2.3372152607837506,-1.7876706070541735,64.71474789168121,77.86259541984732,60.239663183275404,537.0,
2018-07-31,4696,579,538,586,575,20900,566.1,567.8012556131335,561.4489980031494,103.9568345323741,583.3151096424002,548.8848903575998,-2.5152163053992354,-1.815840306245554,60.38049092717169,85.82089552238806,73.54264512889323,538.0,
2018-08-01,4696,598,540,598,583,32800,568.9,572.0192091380198,564.4040990486023,104.97335701598578,591.4645740043959,546.335425995604,-3.1583180492051497,-1.9021139393516302,65.06060813288889,89.93288590604027,84.5387922827585,540.0,
2018-08-02,4696,598,544,603,593,9200,572.0,576.7429892947448,567.7636900091239,105.46737213403881,600.4253408071014,543.5746591928986,-3.8195463665501848,-2.1019879697532056,67.30050516359408,87.09677419354838,87.61685187399218,544.0,
2018-08-03,4696,595,549,597,594,2500,575.5,579.8806276047919,570.38732161644,106.26118067978534,605.2489495612848,545.7510504387152,-3.9650071855060105,-2.3674825553333045,64.74619518932823,86.875,87.96822003319615,549.0,
2018-08-06,4696,584,554,593,576,7500,578.8,581.5386953130119,572.2485898431388,105.93525179856115,606.4086942827774,551.1913057172225,-3.7107035188109876,-2.6230742987197826,61.599000312458344,81.69934640522875,85.22370686625898,554.0,
2018-08-07,4696,584,558,590,571,7000,581.7,582.8952961651918,573.9237311733826,105.17857142857143,606.7766823961998,556.6233176038003,-3.424384005396405,-2.8538418081101073,61.599000312458344,75.81699346405229,81.46377995642696,558.0,
2018-08-08,4696,589,562,605,582,20600,585.5,586.0052423169755,576.5313584967382,106.76156583629893,608.9478143970794,562.0521856029206,-3.6328943653522856,-3.117114938297492,65.8361016585491,78.70967741935485,78.74200576287858,562.0,
2018-08-09,4696,603,567,604,574,10900,586.7,583.822470986616,576.278222608562,102.13523131672598,606.0917508234786,567.3082491765215,-2.4622584747626206,-3.2250603924185146,51.39987400565052,68.15286624203821,74.22651237514839,567.0,
2018-08-10,4696,583,571,586,572,9000,587.0,581.6729308072312,575.8504002891406,100.52724077328648,605.352111595124,568.647888404876,-1.5017585342189932,-3.1322318672446525,50.482862222731,54.3046357615894,67.05572647432741,571.0,
2018-08-13,4696,572,605,574,556,10300,584.3,577.3687615695525,574.0653600403053,95.38461538461539,609.6464001388733,558.9535998611266,-0.1592121580509911,-2.870453628650403,44.49821961619138,24.489795918367346,48.98243264066492,,605.0
2018-08-14,4696,566,574,582,558,12400,584.1,577.1198958296338,574.2588240577265,99.65397923875432,609.672641631241,558.527358368759,-0.07628192929121269,-2.528005170882188,52.32393124176326,23.776223776223777,34.190218485393444,,574.0
2018-08-15,4696,580,556,580,571,2400,582.1,576.0071874969731,573.9329416194328,96.61590524534687,608.3213653343962,555.8786346656038,0.2129718233799167,-2.0799475942232877,50.2062672980216,25.170068027210885,24.47869590726727,556.0,
2018-08-16,4696,565,556,582,565,4200,579.7,575.6422443157053,573.9396474580918,95.9866220735786,603.9825039894956,555.4174960105045,0.26375984601099844,-1.6100845907213979,51.475250609778804,36.054421768707485,28.333571190713982,556.0,
2018-08-17,4696,572,557,572,558,9700,576.8,573.7072908037588,573.0456826400208,95.1178451178451,600.477837739115,553.1221622608849,0.7054083583685724,-1.1194054932570023,47.55942151651781,28.57142857142857,29.93197278911558,557.0,
2018-08-20,4696,572,582,572,547,5400,572.6,568.8514197485299,570.4411141865371,92.86926994906621,600.6314109527125,544.5685890472876,1.813434786463631,-0.5374256274947761,40.863961717330135,17.307692307692307,27.31118088260939,,582.0
2018-08-21,4696,546,572,557,546,4200,569.2,566.3329797942516,568.897002666783,94.22750424448218,596.6925444439005,541.7074555560996,2.138454682828069,0.10383537785859669,44.59713566950223,10.843373493975903,18.907498124365528,,572.0
2018-08-22,4696,555,557,559,554,2200,564.6,564.0906198316604,567.4073023123207,92.33333333333333,584.1999999999957,545.0000000000043,2.3388233916649597,0.6372889185727723,44.221339292783746,9.659090909090908,12.603385570252973,,557.0
2018-08-23,4696,554,546,557,554,1500,562.8,562.6195980440858,566.2665720205904,96.86411149825784,581.916485032553,543.6835149674469,2.3101861055970403,1.060838322996776,45.21563807841909,15.254237288135593,11.918900563734068,546.0,
2018-08-24,4696,566,557,568,544,3500,560.3,559.7796711269793,564.3399147265699,95.62937062937063,580.4603571396892,540.1396428603107,2.635102831775839,1.3713177663108682,41.6202123979883,11.731843575418994,12.21505725754843,,557.0
2018-08-27,4696,554,544,561,554,2300,560.5,559.819730922074,563.9059232352695,100.35842293906809,580.6047258125999,540.3952741874001,2.1739663746776614,1.6213453556407431,48.04652410713704,16.022099447513813,14.3360601036894,544.0,
2018-08-28,4696,554,544,557,554,800,558.5,559.1252343907878,563.1153308811765,96.52777777777779,575.8262806164456,541.1737193835544,1.979536576804776,1.8176303282435053,46.355680048888225,17.032967032967033,14.928970018633215,544.0,
2018-08-29,4696,556,544,557,555,2100,557.0,558.5570099560991,562.4037977683004,97.37302977232925,572.2052622469926,541.7947377530074,1.7870137420353558,1.9868807611351005,46.355680048888225,24.539877300613497,19.198314593698047,544.0,
2018-08-30,4696,556,561,562,543,8700,554.6,557.001189964081,561.1634179526261,95.81881533101046,565.1905618358901,544.00943816411,1.8786286310507876,2.1172385692109024,43.68144716294602,21.98581560283688,21.186219978805738,,561.0
2018-08-31,4696,551,557,551,533,8500,551.4,552.637337243339,558.3470760779857,94.33628318584071,566.0478667388738,536.7521332611261,2.667456290349378,2.21212984742043,37.14324345246377,14.615384615384617,20.38035917294493,,557.0
2018-09-03,4696,542,551,542,535,5400,550.5,549.9760031990954,556.3123684185741,98.35466179159049,567.0951800231213,533.9048199768787,2.888587127711048,2.295477896851872,39.98837644824042,8.75912408759124,15.120108101937513,,551.0
2018-09-04,4696,537,542,541,530,16900,548.0,546.3440026174418,553.6811315166465,95.4954954954955,568.2583316193561,527.7416683806439,3.318626859840947,2.404344948871426,37.09521194663585,3.3333333333333335,8.902614012103,,542.0
2018-09-05,4696,537,530,563,533,14200,548.8,549.1905475960888,554.5130183820743,101.44404332129963,570.5218783718121,527.0781216281878,2.030696005906293,2.3732904933502317,52.04192699680467,25.874125874125873,12.655527765016751,530.0,
2018-09-06,4696,561,563,561,522,11400,545.4,544.2468116695271,551.2617164837437,93.88489208633094,571.7089338438446,519.0910661561553,2.942536781519266,2.4074498210995015,39.42995430342592,22.22222222222222,17.14322714322708,,563.0
2018-09-07,4696,523,561,530,513,11700,543.5,541.2928459114313,548.9355447966553,96.52650822669105,571.7453536001905,515.2546463998095,3.1923201748111296,2.5206002433365535,41.71179982802868,31.97278911564626,26.689712403998058,,561.0
2018-09-10,4696,519,530,525,515,5800,539.0,536.5123284729892,545.5419902661594,91.96428571428571,569.5417746701102,508.4582253298898,3.8631790818138825,2.729893855004232,38.341459442723576,10.625,21.606670445956098,,530.0
2018-09-11,4696,515,525,516,490,20500,532.4,528.0555414779003,539.9877911646691,88.12949640287769,572.4419779731194,492.35802202688063,5.352278062497248,3.1260343350555533,32.84519067232242,9.042553191489363,17.21344743571181,,525.0
2018-09-12,4696,495,516,504,491,3200,527.0,523.3181703001003,536.1890120021131,90.28776978417267,567.4178178530183,486.5821821469817,5.641751893652895,3.544159142011343,37.47813584839376,6.6350710900473935,8.767541427178857,,516.0
2018-09-13,4696,503,504,511,503,3200,523.1,521.0785029728094,533.670110774397,92.9090909090909,561.3565027152216,484.84349728477844,5.248726428784835,3.830966935170838,40.77809353679056,14.41048034934498,10.029368210293848,,504.0
2018-09-14,4696,511,490,511,505,6700,520.6,518.7005933413895,531.1030996717303,95.30956848030019,559.2077712384405,481.9922287615595,4.959640685526779,4.061083997150364,40.01983865505672,22.767857142857142,14.604469527416441,490.0,
2018-09-18,4696,509,490,517,507,4800,518.5,518.391394552046,529.6927896920836,96.09665427509294,555.3374809127844,481.6625190872156,4.195962930536325,4.1585657827831835,43.41894887009868,30.136986301369863,22.43844126452393,490.0,
2018-09-19,4696,524,491,532,520,7300,517.9,519.4111409971285,529.1235107183437,98.86792452830188,554.159619413333,481.64038058666705,3.2268283600648147,4.291469377689686,45.98300907668833,36.07305936073059,29.659300934985797,491.0,
2018-09-20,4696,528,493,549,528,9800,516.6,524.7909335431052,531.1111596607492,97.68683274021353,546.8813473940601,486.31865260594,1.3176656243595062,4.110928138005268,54.00047631671047,54.794520547945204,40.334855403348485,493.0,
2018-09-21,4696,547,497,560,547,8000,520.0,530.4653092625406,533.6000437107219,106.51340996168584,558.4707681233394,481.5292318766605,-0.3383111697904724,3.718635766382868,55.9710290279645,72.6027397260274,54.490106544901,497.0,
2018-09-25,4696,552,503,573,552,7600,524.5,538.1988893966242,537.5400393625135,108.52272727272727,574.4699909945936,474.53000900540644,-2.233485886759695,3.0412285476524707,60.40700000851473,90.82969432314411,72.74231819903885,503.0,
2018-09-26,4696,573,511,574,546,18400,530.2,544.3445458699651,540.9860354442595,111.06796116504853,587.0633449596467,473.33665504035343,-3.4014968986540453,2.068586885302327,60.02390177825202,96.25,86.56081134972379,511.0,
2018-09-27,4696,573,519,573,549,7700,536.1,545.190992075426,541.7874319036005,112.0408163265306,586.9837891670793,485.21621083292075,-3.0259506021320703,1.1055088302151086,51.875090423838145,89.2430278884462,92.10757407053006,519.0,
2018-09-28,4696,560,526,568,551,15800,542.7,549.3380844253486,544.4086887243293,113.14741035856575,591.2472965261691,494.152703473831,-3.5555515521127745,0.12725572122648524,57.061079646936,86.90476190476191,90.79926326440267,526.0,
2018-10-01,4696,560,532,579,560,12500,547.6,551.2766145298307,545.9678198578325,109.58904109589041,592.0810071828392,503.1189928171608,-3.435418301265713,-0.8055286106393472,54.402780512948844,80.54474708171206,85.56417895830668,532.0,
2018-10-02,4696,562,579,563,533,25000,550.8,549.2263209789523,545.3710378700043,106.29921259842521,587.3162977312842,514.2837022687157,-2.325315229884154,-1.5301150729082893,48.33971026319001,75.57251908396947,81.00734269014778,,579.0
2018-10-03,4696,540,563,561,540,12300,554.4,549.9124444373246,546.1339340853566,106.96324951644101,583.1499565217028,525.6500434782971,-2.1023126821833102,-2.1222418553803033,52.078251687698845,68.42105263157895,74.84610626575346,,563.0
2018-10-04,4696,559,561,561,546,11600,557.3,550.4738181759928,546.8205406787267,105.53435114503817,577.892231544925,536.7077684550749,-1.8866705673648312,-2.478279210016341,52.078251687698845,64.03162055335969,69.34173075630268,,561.0
2018-10-05,4696,549,560,549,540,9100,556.7,549.1149421439941,546.4384866098997,98.90710382513662,578.5366664122482,534.8633335877519,-1.2211075798765023,-2.5763677000258998,48.91992427274989,63.02521008403361,65.15929442299073,,560.0
2018-10-09,4696,541,549,546,534,4700,555.2,547.6394981178133,545.8946379476871,97.3021582733813,578.9957979483733,531.4042020516268,-0.6406924012727586,-2.3993906460829066,48.28916287103594,54.95495495495496,60.670595197449394,,549.0
2018-10-10,4696,541,546,541,533,2600,551.4,545.3414075509381,544.805174150714,93.36823734729494,574.7443783382595,528.0556216617405,0.04884071659046185,-2.016019799944628,46.358038163992845,42.4390243902439,53.47306314307747,,546.0
2018-10-11,4696,530,541,542,515,10900,547.0,542.1884243598585,543.1246567325824,92.3076923076923,569.7332355814079,524.2667644185921,0.8371757281719283,-1.5867835410219615,44.14021672260721,31.794871794871792,43.06295038002353,,541.0
2018-10-12,4696,525,539,531,523,5400,544.9,539.6087108398841,541.6121910568453,96.17486338797814,570.2369295693023,519.5630704306976,1.3450586366833477,-1.0422712978223925,44.14021672260721,21.92513368983957,32.053009958318405,,539.0
2018-10-15,4696,533,531,533,518,7300,539.9,535.6798543235416,539.2509719476778,91.19718309859155,564.7588012583025,515.0411987416975,2.109008339777688,-0.42622389326201454,40.89846421182065,15.104166666666666,22.941390717125998,,531.0
2018-10-16,4696,517,530,517,515,2200,535.5,532.1016989919885,536.9258747498235,92.14285714285714,560.1454864021747,510.85451359782536,2.653558651417711,0.12698431577152608,40.2615938518363,8.854166666666668,15.29448900772429,,530.0
2018-10-17,4696,526,517,527,526,1200,534.1,530.9922991752633,535.8332872735357,97.4074074074074,559.1511476782956,509.04885232170443,2.478990903868862,0.6360180475551007,44.88309973384548,7.8125,10.590277777777766,,517.0
2018-10-18,4696,530,515,546,522,6200,532.9,532.8118811433972,536.3499585467378,97.83001808318264,555.2150173649893,510.58498263501065,1.5922376315629663,1.0225634029915227,51.005893899372815,19.791666666666664,12.152777777777766,515.0,
2018-10-19,4696,531,515,538,530,2200,530.6,532.3006300264159,535.7149626914495,95.84086799276673,548.4482492138521,512.7517507861479,1.4506742585692791,1.3194280517077206,46.89202914239283,27.083333333333332,18.229166666666654,515.0,
2018-10-22,4696,540,515,540,532,1300,529.5,532.2459700216131,535.3434664219809,97.97421731123389,545.4059737205796,513.5940262794204,1.217902921202267,1.5259386430938346,47.717698819821784,32.95454545454545,26.60984848484847,515.0,
2018-10-23,4696,542,515,542,523,6200,527.9,530.9285209267744,534.309119778972,97.04251386321626,541.969825869561,513.830174130439,1.3459376183320728,1.6700605210651247,45.07622165430036,26.582278481012654,28.873385756297136,515.0,
2018-10-24,4696,527,515,528,517,5000,526.4,528.9415171219064,532.8782078000653,97.19626168224299,540.3197701130358,512.4802298869641,1.6219630250559476,1.7572591096077934,43.23518945983307,22.857142857142858,27.464655597566978,515.0,
2018-10-25,4696,530,515,620,530,779600,532.7,540.2248776451961,538.6903870237493,111.93181818181819,573.9703283243516,491.4296716756485,-1.5180186388557786,1.4391394123256684,65.05874180142914,46.192893401015226,31.87743824639024,515.0,
2018-10-26,4696,591,517,670,588,487400,542.4,555.6385362551605,547.3213483263066,118.37121212121211,611.1441633886091,473.65583661139084,-5.1660671916927186,0.6307976866067343,70.84018505278428,62.41830065359477,43.82277897058429,517.0,
2018-10-29,4696,666,526,666,602,122400,552.6,567.3406205724041,554.589213497414,119.6911196911197,633.0994409918467,472.10055900815337,-7.245790298484053,-0.4691299744934617,69.031265174054,70.12048192771084,59.57722532744028,526.0,
2018-10-30,4696,602,534,635,591,61300,564.5,579.6423259228761,562.6302921513947,123.06201550387597,654.4655489618099,474.5344510381901,-9.122963161589496,-1.7582359817666127,71.39142698226189,72.04301075268818,68.19393111133127,534.0,
2018-10-31,4696,620,542,666,618,84200,578.5,595.343721209626,572.9672629405616,126.61596958174906,682.6047549346322,474.3952450653678,-11.543727463950404,-3.217787659045876,75.54025439520709,80.86021505376344,74.3412359113875,542.0,
2018-11-01,4696,608,549,683,608,87100,588.0,602.7357718987848,579.2705366488688,117.56007393715342,694.0037735177377,481.9962264822623,-11.442591685119282,-4.650372763900161,65.62224528000621,82.00836820083683,78.30386466909614,549.0,
2018-11-02,4696,690,559,736,659,166700,608.6,626.9656315535512,594.9434829892706,138.86792452830187,738.8127489917936,478.3872510082064,-15.63743541375311,-6.523188134450758,76.63464337681005,90.625,84.49786108486676,559.0,
2018-11-05,4696,736,576,856,723,402600,636.7,660.7900621801783,616.7491346969659,152.81954887218046,804.5143021318502,468.8856978681499,-21.549716232712854,-9.06714967345575,81.53858050323834,87.63736263736264,86.7569102793998,576.0,
2018-11-06,4696,813,609,820,755,129200,664.3,686.2827781474186,635.1742212323055,152.57142857142858,840.1455003689314,488.4544996310685,-24.33496121069436,-11.951252366316895,78.76413504375091,89.09899888765295,89.12045384167186,609.0,
2018-11-07,4696,798,638,798,735,68000,687.2,697.6859093933425,646.556799111875,144.03846153846155,840.0549639364058,534.3450360635943,-23.071589773921914,-14.346093603546466,67.97108847648715,79.84267453294002,85.52634535265186,638.0,
2018-11-08,4696,753,664,767,711,69600,703.4,707.7430167763711,657.2011192030441,127.41116751269035,846.0357598921108,560.7642401078891,-21.691104808293858,-16.182208894279924,68.33058681702985,73.94296951819076,80.96154764626124,664.0,
2018-11-09,4696,745,687,825,745,111600,721.7,725.9715591806672,672.2810072857444,129.28,866.3486778370266,577.0513221629735,-22.62766560669047,-17.891306150747305,72.84402494042543,74.63126843657817,76.13897082923631,687.0,
2018-11-12,4696,804,707,838,779,67800,738.8,737.7949120569095,684.1529065592989,127.58064516129033,871.2289998451997,606.3710001548002,-21.78079397463,-19.297731796640694,69.54486434656982,78.76106194690266,75.7784333005572,707.0,
2018-11-13,4696,780,856,800,716,96500,754.1,746.9231098647441,694.5376159050451,124.09448818897637,869.2501628309744,638.9498371690256,-20.39888720909289,-20.28163843498986,68.95137968497882,81.97211155378487,78.45481397908857,,856.0
2018-11-14,4696,789,800,819,768,70100,767.6,756.7552717075179,705.183854316087,120.27027027027026,869.1172891679045,666.0827108320956,-19.435784561372543,-21.16977097679578,70.14052092960483,79.84994640943194,80.19437330337315,,800.0
2018-11-15,4696,790,716,801,765,52400,782.1,761.1634041243327,712.7654688854695,122.79874213836477,833.1799373531325,731.0200626468676,-17.262737090258042,-21.350360051962994,65.9553564146637,76.94994179278231,79.59066658533305,716.0,
2018-11-16,4696,784,717,834,784,83900,791.2,773.133694283545,724.1889219982667,112.36413043478262,838.4677479895112,743.9322520104889,-17.383666891649455,-20.887465680733726,70.33905821027088,80.07518796992481,78.95835872404636,717.0,
2018-11-19,4696,829,721,848,790,82600,789.9,778.0184771410823,731.7700297992428,98.4009840098401,835.3792260268349,744.4207739731651,-15.684491160540688,-19.926302341827764,65.04490944649052,79.43444730077121,78.81985902115946,721.0,
2018-11-20,4696,790,728,845,767,63000,792.7,787.2878449336127,741.4930268202452,103.4956304619226,843.682742178113,741.7172578218871,-15.390141706850386,-19.072808112153147,67.84437699178459,85.28252299605782,81.59738608891796,728.0,
2018-11-21,4696,814,735,959,813,344000,808.0,808.1446004002286,757.5437241395973,120.42723631508679,883.3498506966002,732.6501493033998,-18.086577716449256,-18.672305101948194,73.58029044646003,82.41206030150754,82.37634353277888,735.0,
2018-11-22,4696,912,752,934,870,76000,822.9,825.2092185092779,771.9893517267527,119.7875166002656,907.2442944128408,738.5557055871592,-19.355347393210195,-18.308714189339273,73.58029044646003,82.28643216080403,83.3270051527898,752.0,
2018-11-26,4696,902,768,977,902,154000,835.8,845.5348151439548,788.4904165552239,115.96534653465346,943.350174337376,728.249825662624,-21.23404233153417,-18.24796400677307,75.96434492612383,81.08108108108108,81.92652451446422,768.0,
2018-11-27,4696,930,788,937,856,106300,849.6,860.7103032995993,802.5413749005801,117.44627054361567,965.6903096731162,733.5096903268839,-21.483188371890833,-18.36844191375062,74.3136628687894,81.41025641025641,81.59258988404717,788.0,
2018-11-28,4696,921,806,967,913,91200,866.8,878.762975426945,818.2872374114082,121.82741116751271,991.904116638902,741.6958833610979,-22.4215891262279,-18.700197976512325,76.44923859713603,86.8421052631579,83.1111475848318,806.0,
2018-11-29,4696,969,823,1033,969,103400,886.7,900.8060708038641,836.4585136711877,124.84394506866417,1026.0988522190914,747.3011477809088,-24.213073048356705,-19.472457527412175,78.88828112553495,88.4570082449941,85.56978997280281,823.0,
2018-11-30,4696,1011,848,1100,978,166800,918.1,936.1140579304343,862.3126623052476,140.20486555697823,1086.5480928951115,749.6519071048886,-29.065367609540544,-20.77042427384452,83.30941991569523,94.31230610134436,89.87047320316545,848.0,
2018-12-03,4696,1065,883,1079,976,152500,934.0,945.1842292158099,874.6813960752303,119.2261185006046,1094.8974828889504,773.1025171110496,-26.424909539894657,-21.963804093772737,66.18368946625823,85.99078341013825,89.5866992521589,883.0,
2018-12-04,4696,1001,913,1013,934,63600,947.6,943.5143693583899,880.8132564679337,117.0,1081.6423813575398,813.5576186424602,-21.51675609152221,-22.644539025402942,60.08228743779344,74.3427017225748,84.88193041135247,913.0,
2018-12-05,4696,921,1100,946,879,77700,952.7,931.9663022023191,880.7319308211376,106.15199034981906,1071.2952781522104,834.1047218477897,-14.947644339038789,-22.295768650135113,54.07002480763265,52.75142314990512,71.02830276087273,,1100.0
2018-12-06,4696,880,946,940,865,100200,955.6,931.7906108928066,885.7587377391743,103.21507760532151,1070.4536460022064,840.7463539977936,-12.394779634617976,-21.522372232513753,58.17485996092312,44.8654037886341,57.319842887038,,946.0
2018-12-07,4696,931,940,931,868,57100,955.6,926.3741361850236,887.3828639653005,100.0,1070.4536460022064,840.7463539977936,-8.946847230560252,-20.15712833240554,55.15625167501828,41.35864135864136,46.32515609906019,,940.0
2018-12-10,4696,872,931,930,838,79900,954.4,926.1242932422921,891.1445775688617,98.71931696905017,1070.252319786874,838.5476802131259,-7.399113073027024,-18.59223107697623,57.05932197844858,45.74574574574575,43.98993029767373,,931.0
2018-12-11,4696,903,925,903,813,69800,943.1,906.1016944709662,883.6301198118118,87.83638320775027,1085.6298565213624,800.5701434786376,-1.0929818564500238,-16.222385824778687,46.90106922158858,31.0598111227702,39.3880660757191,,925.0
2018-12-12,4696,803,903,803,723,115500,920.3,874.4468409307906,868.4671078303331,76.25,1109.8954640807635,730.7045359192364,7.086337178046961,-12.744673577400501,40.8634598099871,17.051153460381144,31.285570109632356,,903.0
2018-12-13,4696,747,803,749,691,61900,892.0,845.8201425797378,853.3203970470323,71.7,1108.181405305822,675.818594694178,13.097373534381859,-8.059924561409124,39.876285991059646,3.5414725069897486,17.21747903004702,,803.0
2018-12-14,4696,721,749,746,708,65700,855.1,824.0346621106945,840.5883573421266,66.3013698630137,1044.3795815718113,665.8204184281886,16.348002036073694,-3.3073788307459733,40.8003741178573,5.857740585774058,8.816788851048308,,749.0
2018-12-17,4696,721,742,722,670,53200,824.6,798.02835990875,824.6295216076858,69.06693711967546,1017.9291493800147,631.2708506199854,20.122335113032136,1.319186858648954,37.68181427465945,5.769230769230769,5.056147953998182,,742.0
2018-12-18,4696,691,722,691,660,34800,797.5,773.8413853798862,808.6665694467116,71.04700854700855,996.656722206407,598.343277793593,22.796581038572185,5.512989678383507,36.61033016506136,3.98749022673964,5.204820527248146,,722.0
2018-12-19,4696,675,691,704,666,45300,778.9,759.3247698562704,797.1999125019076,78.86363636363637,978.5045089671072,579.2954910328928,22.56694501775098,9.397625750868947,39.94363964458052,3.816793893129771,4.524504963033384,,691.0
2018-12-20,4696,694,660,694,630,60900,749.6,737.265720791494,781.2799212515508,68.52846401718583,936.9375562987836,562.2624437012164,24.301746941571878,13.091913992216961,36.0062389022767,3.5364936042136947,3.780259241361025,660.0,
2018-12-21,4696,657,694,657,621,29500,722.4,717.7628624657679,766.1519291262538,69.84478935698448,891.4188155206393,553.3811844793606,25.097559107186953,16.70265534557407,35.468353625248355,3.9812646370023423,3.7781840447819257,,694.0
2018-12-25,4696,610,657,625,591,49300,689.3,695.2605238356282,748.9367362134831,64.21621621621621,809.1367222515697,569.4632777484302,26.5255686006127,19.771383174136595,33.07396131288401,1.6722408026755853,3.06333301463053,,657.0
2018-12-26,4696,591,625,621,581,42100,668.9,680.122246774605,735.2430625920306,75.0,761.9868411753232,575.8131588246767,25.845280608451503,21.85571022195932,35.42141739585088,3.887884267631103,3.1804632357696665,,625.0
2018-12-27,4696,626,581,668,623,31700,661.4,675.9182019064949,727.418756332774,89.75409836065575,744.4912751135752,578.3087248864248,22.512615487343623,22.90184821673285,40.99360969388142,10.338345864661653,5.299490311656103,581.0,
2018-12-28,4696,647,581,649,592,43700,650.4,663.3876197416777,715.3768806994225,84.65829846582984,730.1957392346221,570.6042607653778,21.87165400575259,23.51558732447495,37.15721792575276,12.570888468809075,8.932372867033934,581.0,
