value_date,stock_code,open,close,HIGH,LOW,VOLUME,SMA,EMA,SMMA,MOMENTUM,BBAND_UPPER,BBAND_LOWER,MACD,MACD_SIGNAL,RSI,STOCH,STOCHAS_SIGNAL,PSARBULL,PSARBEAR
2018-01-04,5192,1552,1567,1567,1547,71000,,1567.0,1567.0,,,,0.0,,,,,,
2018-01-05,5192,1585,1597,1597,1572,69000,,1583.5,1582.7894736842106,,,,-0.41666666666674246,,100.0,,,,
2018-01-09,5192,1588,1567,1593,1579,56000,,1583.700996677741,1583.2361623616234,,,,-0.2605535153145411,,68.18181818181819,,,,1567.0
2018-01-10,5192,1584,1579,1584,1564,42000,,1577.210396039604,1577.642628671125,,,,0.2789996262031309,,44.646002113420224,,,1579.0,
2018-01-11,5192,1563,1584,1564,1548,48000,,1573.1309778239643,1574.0669824912695,,,,0.566575293679989,,43.831298380017564,,,,1584.0
2018-01-12,5192,1557,1564,1581,1548,64000,,1567.1230638970424,1568.9305999884748,,,,1.0701907872271477,,34.91217662139543,,,,1564.0
2018-01-15,5192,1551,1563,1551,1524,27000,,1557.4550172800948,1560.893346618028,,,,2.0193041568077206,,25.15812265144646,,,,1563.0
2018-01-16,5192,1527,1551,1545,1523,42000,,1551.2088685356605,1555.469015102712,,,,2.4409170930541677,,27.98438832669008,,,,1551.0
2018-01-17,5192,1517,1545,1536,1515,29000,,1545.5067359024463,1550.495127704328,,,,2.7953613058723477,0.9437920089848022,26.20800875816859,,,,1545.0
2018-01-18,5192,1538,1536,1538,1517,98000,1553.3,1541.40922576729,1546.7342929320093,,1602.4532298023232,1504.1467701976767,2.9019626401959613,1.2662323023399091,27.203291272565096,,,,1536.0
2018-01-19,5192,1515,1534,1528,1508,46000,1547.7,1535.1970011174021,1541.5266501546084,96.42629227823866,1601.8409272177712,1493.559072782229,3.4199992110040967,1.6925285109700023,22.33663351913411,,,,1534.0
2018-01-22,5192,1502,1528,1531,1502,46000,1540.1,1532.3604662775406,1538.6660739187996,95.24107701941139,1584.968251581714,1495.2317484182859,3.2879760356734096,2.0868095721908855,31.176388666501893,,,,1528.0
2018-01-23,5192,1529,1502,1559,1525,52000,1534.5,1531.504640827137,1537.235947606603,96.46464646464646,1568.784107105188,1500.215892894812,2.8353605150789463,2.370849670954865,36.615060184380816,,,1502.0,
2018-01-24,5192,1528,1502,1528,1514,19000,1530.6,1530.2461661484954,1535.6494021300737,97.50639386189258,1558.9294899354013,1502.2705100645985,2.5649496499261204,2.592891266093324,35.326616864242794,,,1502.0,
2018-01-25,5192,1511,1559,1520,1484,74000,1523.1,1522.1668247980922,1529.6490407116498,95.20153550863724,1552.8247371729342,1493.3752628270656,3.778576217221371,2.8938229805371267,24.07461016465568,,,,1559.0
2018-01-26,5192,1482,1520,1518,1482,67000,1518.8,1519.293340967166,1526.8689870921899,97.22580645161291,1543.776789225199,1493.8232107748008,3.711465934056605,3.081840955787003,35.44542350716915,16.30094043887147,,,1520.0
2018-01-29,5192,1507,1482,1526,1500,53000,1517.2,1517.7340108259841,1524.9644683281952,98.95219384413883,1541.9192232887692,1492.4807767112309,3.390235120861689,3.187320736654505,37.56535213811894,17.791411042944784,,1482.0,
2018-01-30,5192,1500,1482,1523,1484,92000,1513.6,1513.2990095477664,1521.3211840739518,97.6470588235294,1540.2263027850288,1486.973697214971,3.782671027401193,3.297021816824377,32.65691755570974,21.153846153846153,18.41539921188747,1482.0,
2018-01-31,5192,1481,1526,1482,1454,91000,1506.8,1502.8316276431995,1513.8844767850528,95.54098360655738,1548.6740970051899,1464.92590299481,5.501816831990936,3.585894504801596,25.000282530196273,13.414634146341465,17.453297114377467,,1526.0
2018-02-01,5192,1463,1482,1476,1459,72000,1501.2,1496.7523790809298,1508.8886536418736,96.3302752293578,1546.1693228768243,1456.2306771231758,5.942786104222932,3.866204159603689,31.11160414265713,9.365558912386707,14.644679737524774,,1482.0
2018-02-02,5192,1469,1476,1469,1435,79000,1495.2,1488.3089209938362,1502.3885539389369,96.02911978821972,1548.5651571720734,1441.8348428279266,6.884438957308475,4.265811150896474,27.575003509126546,9.831460674157304,10.870551244295157,,1476.0
2018-02-05,5192,1421,1469,1421,1396,52000,1483.9,1473.5284925546541,1491.9186531838025,92.5706771860618,1555.4007692266325,1412.3992307733677,9.191114970191848,4.972006090353464,21.592682072898597,11.224489795918368,10.140503127487458,,1469.0
2018-02-06,5192,1337,1421,1350,1290,152000,1463.5,1446.0697077898428,1473.4938049695534,86.64921465968587,1577.0649593844873,1349.9350406155127,14.169701113053634,6.261422919589854,14.826022405332523,11.151079136690647,10.735676535588771,,1421.0
2018-02-07,5192,1354,1290,1413,1320,117000,1444.1,1424.9771279419454,1458.009278905758,87.27868852459017,1574.1044614619063,1314.0955385380935,16.804688819512876,7.70876876428891,17.155898226992463,12.410841654778887,11.595470195795963,1290.0,
2018-02-08,5192,1331,1413,1331,1255,133000,1424.6,1400.821231675878,1440.2321333101856,86.89516129032258,1578.6836136647903,1270.5163863352095,19.772358588140378,9.49331239252044,14.790618916881371,13.420427553444181,12.32744944830457,,1413.0
2018-02-09,5192,1254,1331,1287,1251,96000,1401.5,1378.0027587745,1422.6745073907052,84.67153284671532,1568.0058557528846,1234.9941442471154,21.94360147937755,11.554797543466647,13.869372538679386,11.804767309875142,12.545345506032733,,1331.0
2018-02-13,5192,1280,1287,1288,1240,207000,1375.0,1353.8953280121075,1403.9162700857084,82.46194573130377,1547.6012746187018,1202.3987253812982,24.09551646081377,13.811780369401378,12.40140227589211,7.666666666666666,10.96395384332866,,1287.0
2018-02-14,5192,1246,1284,1246,1192,132000,1346.4,1327.2722879201112,1383.2426964967372,80.85676037483266,1525.3149518626115,1167.4850481373887,26.533676249016708,16.148653637959796,10.83678561244399,5.053763440860215,8.175065805800672,,1284.0
2018-02-15,5192,1198,1246,1228,1171,242000,1318.6,1300.2334052581393,1361.8088658383012,80.9196980096088,1506.3108414556832,1130.8891585443166,28.688859294646363,18.6759951035624,9.818687401819474,3.0706243602865912,5.263684822604488,,1246.0
2018-02-16,5192,1194,1228,1216,1185,94000,1292.0,1282.693812218367,1345.3293954154858,81.9047619047619,1460.7886252091675,1123.2113747908325,28.13920439883941,21.03763570817695,17.05329569133336,5.459770114942529,4.528052638696442,,1228.0
2018-02-19,5192,1204,1216,1215,1198,110000,1267.0,1267.8108092982372,1330.3239681769883,82.77050310130944,1405.5265317547544,1128.4734682452456,27.04347047234478,23.02123076397172,16.87831366064664,6.685499058380414,5.071964511203174,,1216.0
2018-02-20,5192,1191,1211,1191,1165,124000,1243.6,1250.7265147305673,1314.1357180333177,83.38068181818183,1355.4327322388265,1131.7672677611733,26.704665147019796,24.414004545523515,15.351573215188367,7.03125,6.392173057774311,,1211.0
2018-02-21,5192,1174,1191,1193,1173,77000,1228.9,1237.3038337876458,1299.9848394442997,88.89728096676737,1332.970937345645,1124.829062654355,25.52089707813002,25.382472129814307,16.257977142846073,5.204081632653061,6.306943563677822,,1191.0
2018-02-22,5192,1172,1187,1181,1165,100000,1213.4,1226.1455345466288,1287.2316531843953,88.35462058602555,1295.97941632151,1130.8205836784903,23.983188356721712,25.850342104101124,16.19572322864336,3.4334763948497855,5.222936009167611,,1187.0
2018-02-23,5192,1169,1165,1192,1169,42000,1203.3,1219.931720736194,1277.4639880176244,92.18870843000774,1267.018443169943,1139.5815568300568,21.474095783569965,25.798174804566948,21.382796823191313,5.7405281285878305,4.7926953853635545,1165.0,
2018-02-26,5192,1192,1165,1217,1192,74000,1194.9,1214.849522275929,1268.7206150154996,93.41692789968651,1236.3096607085995,1153.4903392914007,19.11634425823945,25.244933448725355,21.382796823191313,8.044554455445544,5.7395196596277165,1165.0,
2018-02-27,5192,1199,1167,1206,1188,79000,1189.9,1211.4202916576996,1261.2980569965223,95.98715890850723,1213.790583919221,1166.0094160807791,16.749655116560916,24.157819989563603,22.768781690715528,11.303191489361703,8.362758024465023,1167.0,
2018-02-28,5192,1191,1169,1210,1187,147000,1188.8,1208.797140722359,1254.7487393242025,99.08940397350993,1210.131666601589,1167.468333398411,14.587009570085456,22.590947797945724,23.133621325297838,13.595166163141995,10.980970702649744,1169.0,
2018-03-01,5192,1199,1170,1199,1172,67000,1188.5,1202.83164306054,1246.7423752471043,99.74554707379136,1210.4499430523488,1166.5500569476512,13.63988210076036,20.97991198704805,20.900697609748804,13.780260707635009,12.8928727867129,1170.0,
2018-03-02,5192,1154,1217,1158,1120,294000,1182.0,1191.2220983021132,1235.806495767951,94.60132890365448,1216.5947972967235,1147.4052027032765,14.281226939996259,19.561884927898216,17.665358346076047,13.566739606126916,13.647388825634637,,1217.0
2018-03-05,5192,1130,1158,1156,1130,72000,1175.6,1181.3609000238,1225.792633842333,94.67110741049126,1216.8135899916692,1134.3864100083306,14.368835055553063,18.191237139957465,17.507597741851,11.270983213429256,12.872661175730391,,1158.0
2018-03-06,5192,1144,1120,1182,1144,81000,1173.4,1176.0213872333036,1218.3239515459122,98.12606473594549,1217.0000000000166,1129.7999999999836,13.296192937281376,16.832936679863174,23.057535932993588,16.91542288557214,13.917715235042769,1120.0,
2018-03-07,5192,1145,1182,1157,1119,88000,1168.7,1167.6523652978224,1209.3953483375976,96.00679694137638,1219.3047428607385,1118.0952571392615,13.174464374940953,15.6319673485542,20.84268747235815,18.072289156626507,15.4195650852093,,1182.0
2018-03-08,5192,1154,1157,1154,1096,136000,1162.5,1157.8959619410032,1199.7623956593613,94.72789115646259,1222.3548243669754,1102.6451756330246,13.42417397573422,14.737531592128006,19.384330275556124,18.654434250764528,17.880715430987724,,1157.0
2018-03-09,5192,1125,1096,1162,1121,107000,1157.2,1154.4599210629603,1193.6326559485474,95.55369127516778,1215.01902800983,1099.38097199017,12.028594591841966,13.950003851417174,27.876028206274583,21.176470588235293,19.301064665208774,1096.0,
2018-03-12,5192,1150,1096,1178,1150,55000,1155.7,1158.5585187718475,1191.956221682212,98.74161073825503,1210.531013122151,1100.868986877849,8.96253390093375,13.084768160791933,38.483147406041205,39.11845730027548,26.316454046425097,1096.0,
2018-03-13,5192,1177,1099,1202,1168,50000,1156.2,1166.2757703145608,1192.8670386717674,100.4180602006689,1212.5616891159368,1099.8383108840633,5.504840249045401,12.075638236231928,44.07711224699186,63.08539944903582,41.126775779182196,1099.0,
2018-03-14,5192,1174,1105,1205,1174,53000,1155.6,1170.7713796385633,1192.6791392597372,99.49874686716792,1210.3152629528681,1100.8847370471317,3.455814076693514,10.944075122446723,42.34911362593693,77.41046831955923,59.87144168962351,1105.0,
2018-03-15,5192,1190,1113,1191,1172,30000,1156.3,1172.9948844695448,1191.7056507326126,100.59523809523809,1212.2074234784745,1100.3925765215254,2.331300870051791,9.61630555911956,40.96547424207646,79.06336088154269,73.18640955004591,1113.0,
2018-03-16,5192,1183,1120,1204,1182,89000,1160.9,1175.177728580556,1191.0316118142853,104.03863037752414,1217.9154365062786,1103.8845634937215,1.40609432566157,8.17600103357606,41.48023549839946,76.12359550561798,77.53247490223997,1120.0,
2018-03-19,5192,1188,1126,1194,1173,60000,1165.0,1175.6908872714969,1189.722377885229,103.60598065083553,1220.4256258422172,1109.5743741577828,1.0593911309217674,6.8163563884249925,40.16030959122227,73.92550143266476,76.37081927327513,1126.0,
2018-03-20,5192,1184,1132,1184,1171,32000,1167.1,1175.2016206610588,1188.0431299790632,101.82291666666667,1221.9849706203934,1112.2150293796064,1.0227492533299483,5.466165819357103,39.200777145973625,73.59050445103857,74.54653379644043,1132.0,
2018-03-22,5192,1183,1137,1185,1170,82000,1171.8,1175.528606585349,1186.9346523173774,104.15929203539822,1220.9186319027865,1122.6813680972134,0.7819502519766957,4.061474294495156,40.42704799356495,72.28915662650603,73.26838750340312,1137.0,
2018-03-23,5192,1158,1205,1158,1109,85000,1173.6,1167.6141587708485,1181.422548502373,101.61579892280072,1214.7941743454269,1132.405825654573,2.671025839676531,3.021744433143441,32.488291885587344,59.32721712538226,68.40229273430896,,1205.0
2018-03-26,5192,1133,1158,1133,1107,60000,1172.2,1159.8660051827167,1175.7630704300861,98.77085162423178,1218.622408382175,1125.777591617825,4.190631417118993,2.4915330460529126,31.453577035979137,44.64831804281346,58.75489726490059,,1158.0
2018-03-27,5192,1138,1107,1183,1138,86000,1171.8,1162.2540356910838,1175.486004523661,99.66015293118097,1218.1188946327677,1125.4811053672322,2.8756142994684524,2.1993968294332515,44.5054300553948,43.425076452599384,49.13353720693171,1107.0,
2018-03-28,5192,1149,1107,1159,1132,51000,1166.3,1159.2987246293815,1172.5301177077097,95.42048293089093,1210.454727946183,1122.1452720538168,3.1428249572445566,2.1646202606055898,39.90287705564326,47.706422018348626,45.259938837920494,1107.0,
2018-03-29,5192,1162,1108,1177,1157,51000,1164.8,1162.3353469232977,1172.8778774527952,98.74055415617129,1206.4442072802622,1123.1557927197377,1.8426752979719367,2.1103285303744945,46.5206802097962,62.0253164556962,51.05227164221475,1108.0,
2018-03-30,5192,1194,1109,1195,1174,25000,1164.2,1165.0016667159123,1173.2909144093658,99.49281487743026,1204.9411340048537,1123.4588659951464,0.8597202136847955,2.0496202957104086,46.73125001624925,61.967213114754095,57.232983862932976,1109.0,
2018-04-02,5192,1182,1112,1191,1175,31000,1163.4,1167.1831947335631,1173.6624906948414,99.32489451476793,1202.7669912490333,1124.033008750967,0.1678744767148146,1.9505628896874139,46.73125001624924,71.08843537414967,65.02698831486666,1112.0,
2018-04-03,5192,1154,1115,1165,1152,95000,1161.2,1165.1498767817009,1171.8933804269213,98.13242784380306,1199.5019581745041,1122.898041825496,0.6634917229189341,1.9106453863084123,42.642061978239894,64.28571428571429,65.78045425820602,1115.0,
2018-04-04,5192,1165,1118,1191,1160,89000,1162.3,1168.5771854530383,1173.1058071663335,100.93776641091219,1202.4800945743218,1122.119905425678,-0.31360003752229204,1.7889175763640803,49.044484126613085,66.89419795221842,67.42278253736079,1118.0,
2018-04-05,5192,1195,1121,1201,1173,95000,1162.5,1170.4722487691927,1173.6959996139105,100.16992353440952,1202.9895048129938,1122.0104951870062,-0.7346241685047517,1.4105120198994934,48.013828057083025,67.8082191780822,66.32937713867163,1121.0,
2018-04-06,5192,1179,1125,1180,1162,44000,1166.2,1170.2045664668344,1173.225845331943,103.26855123674912,1201.2633712013185,1131.1366287986816,-0.5355198765103069,0.8853840983851266,45.934709532652725,73.26388888888889,69.3221020063965,1125.0,
2018-04-09,5192,1170,1129,1172,1159,48000,1170.9,1170.5310096338026,1173.103130584091,104.17777777777776,1192.7073382144965,1149.0926617855037,-0.5227167273592386,0.5077917620709387,46.680649205926066,69.82456140350877,70.2988898234933,1129.0,
2018-04-10,5192,1172,1133,1219,1172,66000,1174.8,1178.0708394130575,1176.996535746888,103.32480818414322,1207.7945450037037,1141.8054549962962,-2.3440237390673246,-0.10185809307482588,55.4971526919262,77.33333333333333,73.47392787524366,1133.0,
2018-04-11,5192,1218,1139,1218,1196,17000,1179.8,1181.3306915146118,1178.8985169335037,104.3630017452007,1208.7247299036899,1150.87527009631,-2.7663641202061626,-0.6139735839835035,51.80699751938388,81.44654088050315,76.20147853911509,1139.0,
2018-04-12,5192,1200,1145,1209,1188,27000,1183.1,1186.3614808380337,1181.9109955550716,102.8061224489796,1216.6910702419764,1149.5089297580234,-3.5671177442061435,-1.105844468193608,54.45675398637632,88.09523809523809,82.29170410302487,1145.0,
2018-04-13,5192,1207,1150,1209,1198,19000,1186.0,1189.9321241481205,1184.321574241093,102.46389124893798,1221.911001099961,1150.088998900039,-3.860955911526844,-1.5534922891093477,53.722676001501185,85.20900321543408,84.91692739705844,1150.0,
2018-04-16,5192,1220,1155,1220,1198,35000,1189.6,1194.1262867215307,1187.1912148728186,103.05862361937128,1228.2905673259177,1150.9094326740822,-4.2641338981313766,-2.1010062470038267,55.23886387526214,89.54703832752612,87.61709321273277,1155.0,
2018-04-17,5192,1211,1161,1213,1202,22000,1195.0,1197.012418282025,1189.4733803462836,104.6712802768166,1228.0938060670176,1161.9061939329824,-4.267394504090589,-2.540316743289193,54.416016243718204,87.65432098765432,87.4701208435382,1161.0,
2018-04-18,5192,1208,1166,1209,1201,29000,1196.7,1197.737433524904,1190.626627617843,101.4358108108108,1229.098148095244,1164.3018519047562,-3.7229223214008016,-2.8723498713887543,51.91743293502351,83.92857142857143,87.04331024791732,1166.0,
2018-04-19,5192,1194,1171,1210,1194,27000,1199.6,1199.6033555130257,1192.3647587925034,102.45971162001698,1230.2881084461285,1168.9118915538713,-3.5628771829112793,-3.208722905433307,53.69819235570634,79.90196078431373,83.82828440017984,1171.0,
2018-04-20,5192,1197,1175,1216,1197,36000,1203.7,1201.4936551827323,1194.1290081932118,103.50727117194182,1227.0075095194945,1180.3924904805056,-3.4372191447093883,-3.532556507361101,54.21988073554927,79.90196078431373,81.24416433239963,1175.0,
2018-04-23,5192,1217,1179,1217,1212,6000,1208.0,1203.949354954769,1196.2168798623663,103.66894197952219,1218.8811764070485,1197.1188235929515,-3.4771649077313214,-3.6584610816571006,55.567715193598,86.29441624365482,82.03277927076077,1179.0,
2018-04-24,5192,1216,1183,1219,1205,42000,1207.8,1205.0494724975538,1197.5956509926273,99.83498349834984,1218.450821564617,1197.149178435383,-3.1664492194440754,-3.7029149815724245,53.860018197186854,86.8421052631579,84.34616076370882,1183.0,
2018-04-25,5192,1200,1186,1219,1200,21000,1209.7,1206.8586596684863,1199.336607641834,101.5886287625418,1217.7024996095786,1201.6975003904215,-3.089456985931747,-3.64984156398638,55.3381384868895,89.07103825136612,87.40251991939294,1186.0,
2018-04-26,5192,1211,1189,1239,1209,33000,1211.8,1211.0661767627644,1202.403774158728,101.73697270471465,1226.3272158379125,1197.2727841620874,-3.6345820567930787,-3.6246889134604063,59.527067234413536,88.11881188118812,88.01065179857069,1189.0,
2018-04-27,5192,1223,1195,1259,1223,80000,1216.3,1218.3268728432936,1207.2645766999747,103.73134328358209,1243.341449665306,1189.2585503346938,-4.860982058998616,-3.6910053757789885,64.54127158120534,90.35087719298247,89.18024244184555,1195.0,
2018-05-01,5192,1240,1203,1240,1225,45000,1217.8,1220.0856234230037,1209.3385721450961,101.23660346248971,1245.5964026449697,1190.0035973550303,-4.48005983645362,-3.7146348571526584,56.31249372848126,79.83193277310924,86.10054061575993,1203.0,
2018-05-02,5192,1226,1210,1237,1226,15000,1219.7,1221.7064193057129,1211.3051016034735,101.57024793388429,1247.7007142766265,1191.6992857233736,-4.130510697348882,-3.759922454480223,56.571748650681336,69.86899563318777,80.01726853309313,1210.0,
2018-05-07,5192,1235,1216,1260,1230,31000,1224.6,1226.8507070719656,1215.1752763260627,104.07993338884263,1254.8549169557816,1194.3450830442182,-4.736027565462564,-3.8902724969859213,61.71045644177474,65.86538461538461,71.85543767389385,1216.0,
2018-05-08,5192,1250,1223,1297,1250,68000,1231.1,1235.2414880944955,1220.9586698024532,105.38079470198676,1270.7630810704516,1191.4369189295483,-6.061727557286531,-4.181884542827826,66.39984372887949,73.33333333333333,69.6892378606352,1223.0,
2018-05-09,5192,1250,1230,1286,1250,56000,1236.4,1240.2884905003557,1225.163405533736,104.3801652892562,1277.5066904530297,1195.2933095469705,-6.311073132021647,-4.49676323441564,62.7986768023576,75.0,71.39957264957262,1230.0,
2018-05-10,5192,1282,1242,1282,1271,31000,1242.9,1247.5087652371872,1230.6477725021348,105.34979423868313,1288.7034933165712,1197.096506683429,-7.070287984999595,-4.930523097255143,66.15880249190255,75.72815533980582,74.68716289104636,1242.0,
2018-05-11,5192,1280,1297,1309,1190,101000,1243.0,1240.8708077089523,1228.6827671024012,100.08264462809917,1288.519226706977,1197.480773293023,-4.182061762389594,-5.0519236279726805,47.43231546321449,54.15384615384615,68.29400049788397,,1297.0
2018-05-14,5192,1236,1282,1236,1181,149000,1241.7,1233.8033879404961,1226.0142115396427,98.93004115226337,1290.9345407209328,1192.4654592790673,-1.6828917801083207,-4.835069152785485,45.61852136326514,36.57142857142857,55.484476688360154,,1282.0
2018-05-15,5192,1202,1236,1208,1195,70000,1238.5,1227.2936809027974,1223.2125268981401,97.39837398373984,1294.107553443765,1182.892446556235,0.24525069361448004,-4.267709958050697,44.79858504873756,15.733333333333333,35.48620268620265,,1236.0
2018-05-16,5192,1193,1181,1234,1193,67000,1233.3,1222.149375193958,1220.791069252524,95.84332533972821,1292.845276890793,1173.754723109207,1.496755041077222,-3.6036194161028257,45.064423193874006,14.583333333333334,22.296031746031712,1181.0,
2018-05-17,5192,1215,1182,1231,1206,44000,1231.6,1220.1222160387185,1219.8118877358204,98.61563517915309,1292.6062291901508,1170.593770809849,1.7440277249154406,-2.950892924740123,48.28301719498913,16.927083333333336,15.747916666666635,1182.0,
2018-05-18,5192,1224,1183,1268,1224,73000,1234.6,1227.1909041146014,1223.7309676528416,102.44100895036614,1297.7138653546208,1171.486134645379,-0.35763282023458487,-2.4644046197147924,58.70508242398279,32.8125,21.44097222222219,1183.0,
2018-05-21,5192,1264,1186,1309,1264,57000,1239.2,1239.7016489411164,1230.958316841396,103.67999999999999,1312.082370982297,1166.317629017703,-3.4769824892391625,-2.177210723265085,64.62320857227556,58.072916666666664,35.937499999999964,1186.0,
2018-05-22,5192,1316,1193,1325,1293,47000,1242.2,1251.2104401331098,1238.1628852506196,102.35663786331502,1322.4934617512608,1161.9065382487393,-5.804635105871284,-2.1209398314706,65.6268710342461,78.75,56.54513888888885,1193.0,
2018-05-23,5192,1303,1203,1310,1279,71000,1245.9,1260.0812692568136,1244.3469058026456,102.92953285827396,1332.822724301538,1158.977275698462,-7.06321140004502,-2.1201535442534247,64.77865001270166,85.57692307692307,74.13327991452987,1203.0,
2018-05-24,5192,1323,1212,1323,1271,59000,1245.9,1263.702856683704,1247.912375604209,100.0,1332.822724301538,1158.977275698462,-6.774764725944124,-2.4082316513150395,59.27799667863352,78.70370370370371,81.01020892687555,1212.0,
2018-05-25,5192,1280,1221,1317,1280,48000,1255.1,1270.847791862853,1253.4213610682666,107.59702725020644,1344.7323602277722,1165.4676397722276,-7.432592336590005,-3.047087268701893,63.152959320583044,78.70370370370371,80.99477682811012,1221.0,
2018-05-28,5192,1288,1229,1300,1278,36000,1263.7,1273.9663751714907,1256.879350954648,107.15474209650581,1347.624013250089,1179.775986749911,-6.956888456643583,-3.8473249520639,59.19670650804911,75.92592592592592,77.77777777777774,1229.0,
2018-05-29,5192,1288,1236,1288,1271,29000,1272.4,1275.9724887824505,1259.691508075019,107.26210350584307,1344.4788457177353,1200.3211542822648,-6.2823539390810765,-4.711670394303711,58.40860556528846,77.08333333333334,77.23765432098763,1236.0,
2018-05-30,5192,1262,1243,1285,1262,66000,1280.5,1276.7047635510025,1261.722417205059,106.75562969140951,1333.424474489607,1227.575525510393,-5.401673594815065,-5.5056372076071005,57.045470463427485,71.75925925925925,74.9228395061728,1243.0,
2018-05-31,5192,1299,1249,1319,1293,153000,1291.3,1284.3948065565514,1267.4503276258665,108.91824938067714,1322.8474246175667,1259.7525753824332,-6.439315080001734,-6.181379680914562,64.0859973279404,78.93518518518519,75.92592592592588,1249.0,
2018-06-01,5192,1307,1255,1324,1297,114000,1295.7,1287.7775690061494,1271.005379847724,103.49483717235901,1319.2635311445686,1272.1364688554315,-6.205124384621286,-6.484506558179242,59.75850806939781,82.61904761904762,77.77116402116398,1255.0,
2018-06-04,5192,1330,1260,1343,1309,80000,1300.4,1297.8180110179862,1278.204996760788,103.62654320987654,1337.3020324643649,1263.4979675356353,-7.701822010447131,-6.695305103132114,65.94902716365155,93.42723004694837,84.9938209503937,1260.0,
2018-06-05,5192,1350,1268,1350,1303,74000,1302.1,1301.8510999280647,1282.3845780150268,101.30468150422102,1340.8448061035415,1263.3551938964583,-7.41645372112248,-6.7345542499184985,60.21318584567536,87.79342723004694,87.94656829868093,1268.0,
2018-06-06,5192,1304,1277,1311,1290,86000,1302.8,1302.7872635783162,1284.8461631114046,100.53846153846153,1341.6206130812102,1263.9793869187897,-6.395082833142169,-6.692367372940503,57.185738038432426,82.61904761904762,87.94656829868093,1277.0,
2018-06-07,5192,1333,1285,1365,1327,69000,1310.7,1313.0077611167542,1292.261663106749,106.171875,1358.7919951759231,1262.608004824077,-7.906921340989129,-6.745070595651517,64.80785302271991,78.82037533512064,83.07761672807169,1285.0,
2018-06-08,5192,1343,1290,1345,1336,76000,1314.7,1318.4608954623156,1297.3355684183898,103.06983883346123,1366.1046690486476,1263.2953309513525,-7.948568358395505,-6.8552572514017305,61.197716906756774,78.6144578313253,80.01796026183113,1290.0,
2018-06-11,5192,1333,1300,1341,1321,53000,1319.1,1320.9225508339682,1300.802055615618,103.41614906832297,1368.0853039186343,1270.1146960813655,-7.224496582097572,-6.959939767292452,58.773696163499835,80.2588996763754,79.2312442809404,1300.0,
2018-06-12,5192,1340,1309,1340,1323,49000,1324.3,1323.8457234107418,1304.4218914425758,104.0466926070039,1368.5090488475034,1280.0909511524965,-6.7428327085804085,-7.108957446599713,59.55784305365772,73.13915857605178,77.33750536125079,1309.0,
2018-06-13,5192,1337,1365,1337,1315,28000,1329.4,1325.146500972837,1307.0797296486166,103.984375,1362.314434523487,1296.485565476513,-5.932388480001464,-7.052632268821905,58.129008740111566,69.25566343042071,74.21790722761592,,1365.0
2018-06-14,5192,1331,1337,1342,1328,52000,1331.5,1327.8471371602936,1310.3717871727742,101.59211523881729,1364.1710881361626,1298.8289118638374,-5.616629651764924,-6.987243965171198,59.6911463899848,71.84466019417476,71.41316073354905,,1337.0
2018-06-15,5192,1340,1315,1412,1328,138000,1342.4,1343.1476576798475,1320.534693165843,108.36531082118188,1395.8729838329682,1288.927016167032,-8.553142668140708,-7.081835149359374,69.4959385945013,83.42696629213484,74.84242997224341,1315.0,
2018-06-18,5192,1385,1316,1400,1355,64000,1343.6,1345.3026290111582,1323.981249704373,100.89352196574832,1397.6088881574215,1289.5911118425784,-7.646993318783871,-7.107450660210639,57.559335320603765,79.65260545905707,78.30807731512219,1316.0,
2018-06-19,5192,1334,1317,1353,1329,81000,1346.6,1346.156696463796,1326.5831423007469,102.27272727272727,1398.316148348469,1294.883851651531,-6.5675385867236855,-7.126612410608585,56.64031143326571,71.80094786729858,78.29350653949679,1317.0,
2018-06-20,5192,1330,1318,1370,1318,85000,1352.2,1349.2191152889159,1330.2248501991319,104.28462127008416,1397.2493063209727,1307.1506936790274,-6.234752647837013,-6.940815889147239,58.49581155501952,57.360406091370564,69.60465313924205,1318.0,
2018-06-21,5192,1363,1318,1373,1350,96000,1351.5,1349.7247306909792,1332.402377087583,99.48491537895512,1396.3218696620393,1306.6781303379607,-5.309951324554049,-6.647636218720411,56.30037867028858,53.278688524590166,60.81334749441973,1318.0,
2018-06-22,5192,1343,1318,1586,1333,371000,1375.8,1392.6838705686857,1357.7622641971673,118.09381980640356,1522.8178220488958,1228.7821779511041,-15.320548712079926,-7.547197566496227,76.50319868228843,79.81481481481481,63.48463647692514,1318.0,
2018-06-25,5192,1436,1328,1460,1343,238000,1377.6,1384.9231668284312,1356.9860343389907,101.35135135135135,1522.8589412050105,1232.3410587949893,-10.733244035887537,-7.990576602863687,50.929852080899174,58.543417366946784,63.878973568783884,1328.0,
2018-06-26,5192,1320,1586,1372,1310,98000,1380.6,1381.6644092230924,1357.9874348973988,102.24382946896036,1523.60265731797,1237.5973426820299,-8.082353353117469,-8.229461588765465,52.17015717222284,47.58064516129033,61.97962578101727,,1586.0
2018-06-27,5192,1389,1372,1389,1331,80000,1384.3,1379.1799711824244,1358.9886950002315,102.77986476333585,1523.8508509468886,1244.7491490531113,-6.085370325481335,-8.281543885845066,52.24662011998518,20.63679245283019,42.253618327022394,,1372.0
2018-06-28,5192,1361,1310,1384,1353,66000,1388.2,1379.1472491492552,1360.989831962372,102.91044776119402,1524.7277993670182,1251.672200632982,-5.054016570111571,-7.892752097175162,53.13415594977832,22.22222222222222,30.146553278780875,1310.0,
2018-06-29,5192,1381,1311,1430,1363,81000,1386.2,1381.4841129403662,1364.0908577787125,98.58356940509914,1521.8578047883746,1250.5421952116255,-4.800361207251171,-7.576459640338196,54.217135098997986,25.24154589371981,22.700186856257364,1311.0,
2018-07-02,5192,1382,1315,1382,1344,111000,1385.8,1375.9415469510795,1362.7817685766706,99.70479704797049,1521.8464626515542,1249.7535373484457,-2.588644933701744,-7.13436034555798,50.27155251881042,23.18840579710145,23.550724637681117,1315.0,
2018-07-03,5192,1367,1319,1373,1340,74000,1385.9,1371.4067202326148,1361.603588945427,100.07407407407408,1521.84248783953,1249.9575121604703,-1.0118325346932124,-6.554035888542002,50.27155251881042,19.806763285024154,22.74557165861509,1319.0,
2018-07-04,5192,1335,1323,1365,1335,91000,1384.6,1367.5145892811695,1360.443227592417,99.04622157006602,1521.6378050028557,1247.5621949971442,0.13283532128502884,-5.949281816782104,50.16827892632195,14.734299516908212,19.24315619967789,1323.0,
2018-07-05,5192,1350,1327,1356,1332,73000,1383.4,1362.5119366845295,1358.3989009349766,99.11242603550295,1521.7624226443031,1245.037577355697,1.3651386282460862,-4.095316556745881,49.082409647657016,13.405797101449277,15.982286634460499,1327.0,
2018-07-06,5192,1356,1331,1369,1346,48000,1361.4,1363.1461300146218,1359.1590121459467,86.12862547288776,1391.575486740081,1331.2245132599191,0.9573089121977318,-2.7963662291808506,51.99192509059042,15.217391304347828,14.452495974235056,1331.0,
2018-07-09,5192,1375,1332,1375,1342,60000,1362.5,1362.7559245574143,1359.3431112157,100.81481481481482,1391.719856262494,1333.280143737506,0.88255313738523,-1.800265508013884,51.38384502988142,16.545893719806763,15.056360708534575,1332.0,
2018-07-10,5192,1380,1335,1412,1356,170000,1361.4,1361.527574637876,1359.0087996294087,99.19531821506949,1390.6875400127906,1332.1124599872096,1.0355629775231137,-1.0090506965689454,50.74469880642831,18.478260869565215,16.74718196457322,1335.0,
2018-07-11,5192,1373,1338,1381,1340,102000,1359.2,1358.704379249155,1357.707918038966,98.39181286549707,1389.462848511018,1328.9371514889822,1.5688138539908323,-0.2731806494464561,49.42067147912506,16.062801932367147,17.02898550724633,1338.0,
2018-07-12,5192,1367,1340,1409,1363,101000,1358.6,1361.303583022048,1359.2371279569115,99.56490210297318,1387.4749025972524,1329.7250974027475,0.6353586380266734,0.33078822225108223,52.98739185423691,20.655270655270655,18.398777819067625,1340.0,
2018-07-13,5192,1403,1340,1418,1390,63000,1359.8,1369.06656792716,1363.7134196973675,100.86206896551724,1394.5309660101875,1325.0690339898124,-1.4468374648288318,0.4576557187925169,56.757784287854136,35.34798534798535,24.022019311874335,1340.0,
2018-07-17,5192,1404,1343,1416,1398,46000,1365.1,1375.4181010313325,1367.742081401909,103.92301998519615,1408.0460126205076,1322.1539873794923,-2.8118059818614256,0.25765866910715984,56.757784287854136,62.33062330623306,39.44462643649631,1343.0,
2018-07-18,5192,1404,1346,1434,1403,58000,1370.3,1380.4329917529215,1371.2678761557997,103.84900074019245,1417.5360032178928,1323.063996782107,-3.6031137171835326,-0.15744677961156917,56.58799737674748,74.14330218068535,57.27397027830121,1346.0,
2018-07-19,5192,1420,1351,1428,1385,58000,1374.7,1382.8997205251226,1373.541090219552,103.25925925925925,1421.749335808285,1327.6506641917151,-3.612518531681644,-0.710519797381317,54.99352312503468,67.98679867986799,68.15357472226209,1351.0,
2018-07-20,5192,1418,1355,1418,1380,30000,1379.2,1383.2815895205556,1374.6869819594694,103.35820895522387,1420.3514276787664,1338.0485723212337,-3.092345836166487,-1.1604814360884523,53.37392592366353,60.78431372549019,67.63813819534782,1355.0,
2018-07-23,5192,1394,1434,1415,1346,87000,1378.5,1378.8667550622665,1373.1182828248352,99.48755490483163,1420.7492603485641,1336.2507396514359,-1.445079832487636,-1.419107321629882,48.894040335982545,46.40522875816993,58.39211372117601,,1434.0
2018-07-24,5192,1389,1415,1389,1339,78000,1377.6,1373.9818905054851,1371.0064534050318,99.33872152828802,1421.6472473600877,1333.5527526399121,0.037533457071276644,-1.5299994905689749,47.732429409540806,32.6797385620915,46.62309368191719,,1415.0
2018-07-25,5192,1354,1389,1378,1354,30000,1379.1,1373.4397285953964,1371.005808064216,101.1061946902655,1421.0757072602803,1337.1242927397195,0.16307065472392424,-1.6861931793764091,51.12648229490883,28.104575163398692,35.729847494553354,,1389.0
2018-07-26,5192,1373,1378,1373,1354,48000,1381.5,1372.814323396233,1370.9052272139186,101.78306092124814,1418.02122670449,1344.97877329551,0.28918596836547295,-1.7246568093387649,50.93899676249339,30.100334448160538,30.294882724550224,,1378.0
2018-07-27,5192,1370,1339,1398,1358,46000,1383.9,1377.2117191423754,1373.5147055170103,101.74799708667153,1421.0208836101829,1346.7791163898173,-0.8804955411344508,-1.661729928928278,55.66620962662745,43.83561643835616,34.01350868330511,1339.0,
2018-07-30,5192,1390,1340,1421,1377,68000,1384.3,1382.8095883892192,1376.963236183816,100.28490028490029,1422.353120765592,1346.246879234408,-2.15288008468292,-1.5885159403528886,57.46439695451703,55.43859649122807,43.1248491259149,1340.0,
2018-07-31,5192,1389,1343,1396,1369,84000,1381.9,1382.2987541366338,1377.2669126620056,98.29059829059828,1417.6373753932876,1346.1626246067126,-1.6556363887179941,-1.3721295705233842,51.714471793380646,58.94736842105262,52.74052711687893,1343.0,
2018-08-01,5192,1398,1346,1398,1352,39000,1377.8,1378.6080715663354,1375.7402209588565,97.0776906628653,1412.2998550721704,1343.3001449278295,-0.4373287672967763,-1.0193307078139544,48.36415337029332,46.666666666666664,53.68421052631576,1346.0,
2018-08-02,5192,1372,1349,1372,1350,33000,1373.7,1373.952058554273,1373.4661982772157,97.05882352941177,1409.2533402087736,1338.1466597912265,0.816212661542977,-0.5850464302906807,46.733879693680954,27.368421052631582,44.32748538011693,1349.0,
2018-08-03,5192,1353,1421,1365,1347,43000,1370.8,1370.6880479080407,1371.7195780445804,97.90613718411552,1406.9198006639128,1334.680199336087,1.501188008427789,-0.2576833368556335,47.370716002988615,18.947368421052634,30.994152046783597,,1421.0
2018-08-06,5192,1374,1365,1376,1355,36000,1370.5,1368.017493742942,1370.1476199121423,99.77924944812362,1407.054069540898,1333.945930459102,1.9186732276054954,-0.04866780679627583,47.370716002988615,16.842105263157894,21.052631578947338,,1365.0
2018-08-07,5192,1351,1347,1441,1344,127000,1379.4,1381.2870403351365,1377.232859251393,106.58284023668638,1432.9776072627433,1325.822392737257,-1.7808344153586404,-0.2646572590276719,62.21509719836812,46.57534246575342,27.454938716654613,1347.0,
2018-08-08,5192,1433,1344,1520,1425,160000,1394.3,1406.507578456024,1391.5095757390447,110.86797957695114,1493.6057903649162,1294.9942096350837,-7.8764754529979655,-1.1719529725124984,70.53374038625907,79.36507936507937,47.59417569799686,1344.0,
2018-08-09,5192,1500,1344,1500,1430,99000,1403.2,1416.0516551003843,1398.2586191916807,106.4963503649635,1508.000000000003,1298.3999999999971,-8.945017833947759,-2.0680110050473104,59.61915101074817,86.85344827586206,70.93129003556491,1344.0,
2018-08-10,5192,1473,1351,1500,1432,133000,1409.2,1423.4968087184968,1404.1327580766322,104.29491768074446,1518.659764297209,1299.740235702791,-9.30079982002303,-2.8622243089739894,59.295173640617676,77.16390423572744,81.12747729222293,1351.0,
2018-08-13,5192,1465,1357,1465,1384,54000,1408.1,1418.6792071333152,1403.4194821810916,99.21875,1517.8066998865636,1298.3933001134362,-6.486227631629845,-3.398956669297528,50.43977758991368,54.08921933085502,72.70219061414817,1357.0,
2018-08-14,5192,1389,1363,1412,1380,53000,1409.6,1414.3738967454394,1402.5775338696253,101.08695652173914,1518.1327600312484,1301.0672399687514,-4.28909483851362,-3.8269306772105107,50.17080800771977,41.651031894934334,57.63471848717225,1363.0,
2018-08-15,5192,1395,1520,1395,1365,50000,1410.5,1406.4877337008138,1399.4197801675382,100.66079295154185,1517.5784758950208,1303.4215241049792,-1.5621404912458274,-4.091192138631489,46.936324001384,24.810606060606062,40.183619095465126,,1520.0
2018-08-16,5192,1362,1395,1362,1313,91000,1408.1,1392.39905484612,1392.3778015183125,98.22616407982262,1521.13610042814,1295.0638995718598,2.2703252358267036,-4.005732446698277,41.851377359005866,16.815742397137747,27.759126784226027,,1395.0
2018-08-17,5192,1329,1362,1349,1329,31000,1406.3,1382.5083176013707,1386.9400209269288,98.67256637168141,1523.1077052253,1289.4922947747,4.3793689515264305,-3.7323218107070613,43.26968494198125,11.525423728813559,17.717257395519102,,1362.0
2018-08-20,5192,1348,1349,1348,1304,45000,1401.9,1369.68862349203,1379.446018289049,96.7551622418879,1528.831320012047,1274.9686799879532,6.8722794990151215,-2.770864709109977,40.21782176114707,7.777777777777778,12.039647967909675,,1349.0
2018-08-21,5192,1312,1346,1324,1294,72000,1387.8,1357.017964675297,1371.5014159399732,90.21512838306731,1525.1253072088343,1250.4746927911656,8.902179577342395,-0.9065697057388257,38.8556614730232,6.00924499229584,8.437482166295707,,1346.0
2018-08-22,5192,1300,1324,1340,1286,48000,1368.5,1351.560152916152,1367.051274083741,87.30263157894737,1477.3861791046086,1259.6138208953914,8.75619872030984,1.0602321336231297,43.49310185411422,8.136094674556213,7.307705814876591,,1324.0
2018-08-23,5192,1344,1286,1344,1328,29000,1356.4,1349.0946705677607,1364.1461465212947,91.70664838930774,1447.8689018191485,1264.9310981808517,7.8802671026230655,2.969239569472696,45.31288932758299,14.265129682997118,9.470156449949705,1286.0,
2018-08-24,5192,1317,1286,1343,1316,42000,1343.7,1345.6229122827133,1360.7315317061818,91.28345916266301,1406.5652527235925,1280.8347472764076,7.414089789029049,4.51371928287924,44.198069989191175,19.515669515669515,13.97229795774093,1286.0,
2018-08-27,5192,1345,1287,1396,1345,58000,1341.9,1351.6914736858564,1362.5583786140414,98.71152469577666,1399.3557220823234,1284.4442779176768,4.608859306334807,5.502380854529065,51.98938531165709,26.923076923076923,20.2346253739145,1287.0,
2018-08-28,5192,1386,1291,1396,1377,29000,1341.0,1357.9293875611552,1364.9025408432676,99.35483870967742,1395.2954878420037,1286.7045121579963,2.2450460778557044,5.925401584429235,52.998999185763005,34.75073313782991,27.063159858858764,1291.0,
2018-08-29,5192,1386,1295,1407,1380,24000,1342.1,1362.305862550036,1366.6122868184332,100.80233406272794,1399.1575148424918,1285.042485157508,0.760463397718695,5.75763915797279,52.32190632094924,43.65558912386707,35.10979972825795,1295.0,
2018-08-30,5192,1382,1301,1406,1368,47000,1349.2,1369.159342086393,1369.951058241148,105.3423626787058,1414.974159059627,1283.425840940373,-1.098652982608428,5.148970054180028,55.10167046640763,51.07084019769358,43.159054153130164,1301.0,
2018-08-31,5192,1370,1307,1406,1355,89000,1351.1,1366.9485526161398,1368.655952380531,101.42002989536623,1416.5672437177639,1285.632756282236,-0.3387116713724936,4.347748813025849,47.91480629560582,54.14258188824663,49.623003736602406,1307.0,
2018-09-03,5192,1357,1313,1369,1356,36000,1355.8,1365.503361231387,1367.6903571179844,103.58231707317074,1415.8919295746196,1295.7080704253804,0.09382434458370881,3.369042676052661,48.25287666429773,60.56338028169014,55.25893412254343,1313.0,
2018-09-04,5192,1372,1407,1372,1316,67000,1357.5,1356.684568280226,1362.6213212904618,101.30769230769229,1411.8709481249043,1303.1290518750957,2.3221925909313086,2.654153106121713,42.07646731629517,47.55434782608695,54.086769998674555,,1407.0
2018-09-05,5192,1342,1369,1366,1319,70000,1359.9,1355.651010411094,1361.4591891375376,101.80859080633007,1410.6736151953062,1309.126384804694,2.189943631818551,2.021894942698989,47.89130226250011,46.5564738292011,51.558067312326045,,1369.0
2018-09-06,5192,1351,1366,1351,1317,51000,1358.2,1349.3508266999859,1357.4132701489666,98.72944693572497,1412.7879107495519,1303.6120892504482,3.4176537631299198,1.5778464953768636,43.7207201287309,36.08815426997245,43.39965864175348,,1366.0
2018-09-07,5192,1323,1351,1323,1295,82000,1355.7,1341.2870400272611,1352.1719430468395,98.1203007518797,1417.090878801342,1294.3091211986582,4.882022043920415,1.6081979106641535,41.63808042817373,32.78236914600551,38.47566574839299,,1351.0
2018-09-10,5192,1315,1323,1315,1307,38000,1348.6,1335.2348509313956,1347.7547486759925,94.85134155184916,1413.8699011796487,1283.3300988203512,5.584609124950703,1.9792604714524866,42.19409350743838,20.9366391184573,29.935720844811726,,1323.0
2018-09-11,5192,1317,1315,1317,1302,54000,1340.8,1330.28305985296,1343.7792737548011,94.37229437229438,1404.9610473730065,1276.6389526269934,5.88837240672683,2.549028139120057,42.19409350743838,15.254237288135593,22.99108185086611,,1315.0
2018-09-12,5192,1317,1295,1317,1281,87000,1333.3,1326.0497762433308,1340.101346334698,94.57308248914616,1393.8775535986827,1272.7224464013173,5.9589699387991,3.3332084637208936,42.039262251028866,16.991643454038996,17.727506620210605,1295.0,
2018-09-13,5192,1307,1281,1322,1300,53000,1324.6,1323.6770896536343,1337.3912116716353,93.78571428571428,1366.4588103032247,1282.741189696775,5.546483039316399,3.9871189871307706,43.381716849131635,19.505494505494507,17.250458415889675,1281.0,
2018-09-14,5192,1304,1281,1343,1304,100000,1320.8,1322.82670971661,1335.5520904863981,97.1997052321297,1356.6753397196653,1284.9246602803346,4.819677044610444,4.512213731578186,44.759583936353835,25.396825396825395,20.63132111878628,1281.0,
2018-09-18,5192,1319,1284,1371,1319,65000,1321.4,1330.4945806772264,1338.496881463804,100.44150110375276,1359.9144128866246,1282.8855871133755,2.0563106160534517,4.48267128992509,54.001917222451176,40.74074074074074,28.547686881020194,1284.0,
2018-09-19,5192,1377,1290,1414,1358,56000,1330.2,1344.0410205540943,1345.1471933703615,106.68185269552013,1393.1399714013385,1267.2600285986616,-1.7237008314627928,4.047821905116052,60.23263825926946,63.896103896103895,43.34455667788998,1290.0,
2018-09-20,5192,1375,1302,1412,1375,59000,1334.5,1353.1244713624408,1350.0324740683243,103.18282753515915,1407.5930913288066,1261.4069086711934,-3.721748554967462,3.2545549808830097,57.90954776624219,81.88775510204081,62.17486657962846,1302.0,
2018-09-21,5192,1381,1313,1466,1381,157000,1349.0,1373.6472947510879,1361.629226736265,110.97653292959879,1455.5157265383903,1242.4842734616097,-8.28283475072476,1.7917931148113238,66.90659809073769,93.56984478935698,79.7845679291672,1313.0,
2018-09-25,5192,1465,1331,1542,1449,260000,1372.0,1402.98415025089,1378.9663041632455,117.62452107279692,1521.3104149080061,1222.6895850919939,-14.300098183214004,-0.4176188083180882,72.88773378715103,95.33678756476684,90.2647958187215,1331.0,
2018-09-26,5192,2975,1360,3175,2939,68300,1552.7,1714.2597592961831,1552.5696746535973,238.14984709480123,2604.0157660760156,501.38423392398454,-90.85639656262902,-11.16703758269096,95.03158155195811,97.13675213675214,95.34779483029195,1360.0,
2018-09-27,5192,3070,1449,3080,2983,70300,1720.2,1944.9398030605134,1695.6127078605998,228.05810397553518,3057.1337455536072,383.26625444639285,-133.7912324944623,-26.694837853053336,88.5263696306787,93.60335885403804,95.35896618518564,1449.0,
2018-09-28,5192,3035,1725,3090,3000,53400,1889.5,2136.768929776784,1826.051437626345,229.53328232593728,3392.6977248519224,386.30227514807757,-159.52277581772114,-45.0358666149464,88.63427678541655,92.48504047870469,94.40838382316493,1725.0,
2018-10-01,5192,3035,1957,3135,3035,69800,2067.2,2310.0836698173684,1952.4462943449387,235.33891850723535,3672.4518307106814,461.94816928931823,-176.1865043498433,-65.14766454766348,89.21269330064443,92.04505455825414,92.71115129699893,1957.0,
2018-10-02,5192,3150,2151,3185,3065,59600,2246.3,2455.523002577847,2068.2016653070928,235.78468536770282,3877.121155124005,615.4788448759955,-182.96852045313108,-85.7059791109062,89.34249232636859,94.1145467322558,92.88154725640486,2151.0,
2018-10-03,5192,3065,2337,3175,3025,75300,2415.3,2564.518820290966,2166.881499080707,223.80952380952382,3995.2544423811696,835.345557618831,-179.39116149372285,-105.44680807337954,86.26832741475545,94.91406524026658,93.69122217692548,2337.0,
2018-10-04,5192,3050,2489,3115,3030,76200,2582.8,2658.242671147154,2258.193349426077,219.21708185053382,4049.932931945838,1115.6670680541624,-172.60368276754753,-124.21146743033289,86.49578501017143,94.55471631828561,94.52777609693597,2489.0,
2018-10-05,5192,3050,2614,3085,3020,52400,2748.4,2729.471276393126,2337.3740146812625,218.79483500717362,3999.3187663473554,1497.481233652645,-161.3135838523658,-141.2148839971819,84.68302914923625,93.47442680776014,94.31440278877075,2614.0,
2018-10-09,5192,3035,2716,3060,2965,68900,2901.5,2778.1128625034667,2403.336613361433,204.43383356070945,3816.8907362432656,1986.1092637567347,-146.2614066220167,-155.8772516014933,81.43589993008776,92.40056818181817,93.47657043595461,2716.0,
2018-10-10,5192,3050,2800,3105,2989,51900,3048.5,2819.3650693210184,2463.5029521470287,195.7654723127036,3142.628635387891,2954.371364612109,-131.9411202931028,-160.44222090487926,81.55089449183468,90.97595981341945,92.28365160099922,2800.0,
2018-10-11,5192,2905,2869,2968,2869,68400,3028.6,2836.935056717197,2508.7526570147274,93.6115569823435,3140.5364105194844,2916.6635894805154,-114.07996892297433,-158.25208050804727,75.9167773937711,88.42449572960204,90.60034124161318,2869.0,
2018-10-12,5192,2916,3185,2994,2842,73900,3022.2,2851.8559554958883,2549.7773913804917,97.85450888367416,3150.0242543494255,2894.375745650574,-98.61765202864171,-151.4848445314829,75.97702500895525,86.85903326594376,88.7531629363217,,3185.0
2018-10-15,5192,2888,2968,2947,2881,48800,3014.7,2865.154872678454,2587.2996522977896,97.5,3155.042580851239,2874.3574191487605,-85.39338668390474,-141.39672034637863,76.10577077788055,85.14018691588785,86.80790530381118,,2968.0
2018-10-16,5192,2921,2842,2979,2820,51500,2989.6,2860.3994412823718,2612.469687101425,91.87702265372168,3154.694397239842,2824.5056027601577,-69.84485670642425,-128.8274243745223,70.29093590527432,77.6696542893726,83.22295815706804,2842.0,
2018-10-17,5192,2910,2820,2950,2868,39000,2967.6,2865.7813610492135,2640.222718424441,92.92604501607717,3120.8636943310025,2814.3363056689973,-59.524471592239934,-115.50890327435754,71.67314748551848,63.46309813463098,75.4243131132971,2820.0,
2018-10-18,5192,2886,2820,2936,2853,41600,2948.3,2865.0938408584475,2662.4004466058445,93.68248772504091,3101.2864046246827,2795.3135953753176,-49.414534850569,-101.82122017247103,69.75434892268983,11.963470319634704,51.032074247879386,2820.0,
2018-10-19,5192,2812,2979,2913,2806,46700,2930.2,2871.2585970660025,2686.0604019681577,94.12337662337661,3057.198582669206,2803.2014173307934,-42.75813044542065,-88.64839201614379,70.86435638917399,18.48512173128945,31.30389672851833,,2979.0
2018-10-22,5192,2921,2913,2941,2872,38400,2916.2,2878.3024885085474,2708.454361790847,95.40983606557377,3015.0283360174967,2817.371663982503,-37.44431421900026,-76.55760397136419,71.20272494777336,21.282279608192344,17.243623886372117,,2913.0
2018-10-23,5192,2910,2910,2910,2798,41700,2897.2,2865.3383996888115,2718.308925619487,93.66032699366032,2999.5789040769014,2794.8210959230983,-27.94129048976174,-65.00206732654851,63.73831956483723,18.14977973568282,19.305727025054825,,2910.0
2018-10-24,5192,2857,2905,2857,2768,72900,2876.6,2853.276872472664,2726.378033063231,93.14475873544093,2966.0033556416506,2787.196644358349,-20.27951164259275,-54.579794295395004,63.18427454939464,13.055303717135086,17.495787687003368,,2905.0
2018-10-25,5192,2799,2857,2825,2750,82000,2862.2,2838.499259295816,2730.940229759805,95.06172839506173,2966.694210365874,2757.7057896341257,-13.222937910890323,-45.09149272675596,61.249175713591086,5.746061167747914,12.317048206855224,,2857.0
2018-10-26,5192,2794,2825,2817,2668,62900,2841.9,2816.226666696577,2729.4462067829704,93.04556354916068,2970.4688920384233,2713.331107961577,-5.454705295248914,-36.20941701690531,57.32754717182859,8.867427568042142,9.222930817641666,,2825.0
2018-10-29,5192,2744,2809,2769,2653,55300,2815.0,2787.0945454790176,2722.101586100896,90.8034188034188,2972.152155569015,2657.847844430985,2.74085848442337,-28.14433755125558,53.38367710769432,5.868167202572348,6.827218646120752,,2809.0
2018-10-30,5192,2682,2769,2779,2656,210700,2800.4,2769.9864463010144,2719.1914274894593,94.8573441352589,2972.351621103111,2628.448378896889,6.496598320372868,-20.808663116520822,55.42039379918955,7.398373983739838,7.377989584784726,,2769.0
2018-10-31,5192,2719,2653,2780,2719,86400,2788.5,2770.170728791739,2724.3722847426716,95.88235294117648,2950.1644673389546,2626.8355326610454,5.239049953312588,-14.736042582756202,59.443239956950926,14.19753086419753,9.154690683503189,2653.0,
2018-11-01,5192,2722,2655,2772,2688,74500,2774.9,2762.139687193241,2724.5350562684653,95.2480782669462,2932.3711402130184,2617.428859786982,6.303507983200234,-9.284749424020548,56.28742746090923,22.916666666666664,14.837523838201292,2655.0,
2018-11-02,5192,2745,2780,2758,2653,59300,2755.4,2751.568834976288,2722.4815506409254,93.27354260089686,2893.698806936243,2617.1011930637574,7.845494711641095,-4.252548431727064,54.7568955562224,24.370594159113796,20.494930563325944,,2780.0
2018-11-05,5192,2699,2758,2699,2640,42700,2730.2,2734.556319526054,2716.0333955748747,91.34020618556701,2834.222305300297,2626.1776946997024,10.770978198227112,0.04881475582725317,51.5976680962264,14.760914760914762,20.682725195565023,,2758.0
2018-11-06,5192,2690,2699,2692,2646,20600,2716.6,2723.000625066771,2711.5300560161563,95.15496971856075,2812.116281334589,2621.0837186654107,11.81989076766331,3.6154150236334823,52.43292245673217,10.672358591248667,16.60128917042569,,2699.0
2018-11-07,5192,2679,2640,2718,2562,46200,2694.8,2697.1823296000853,2698.47705041133,92.21150410861021,2803.710238269818,2585.8897617301823,16.32008109873823,6.897972691369988,46.45599392386006,6.8686868686868685,10.767320073616716,2640.0,
2018-11-08,5192,2615,2718,2615,2534,82400,2676.0,2676.6037242182515,2687.0293453676627,93.21789321789322,2789.905223760759,2562.094776239241,18.725745904428095,9.5846894913341,46.6742039864855,9.19963201471941,8.913559158218266,,2718.0
2018-11-09,5192,2585,2615,2644,2570,36400,2668.7,2670.4939561785695,2682.626410830019,97.31222385861561,2780.757306767513,2556.6426932324866,17.054942206603755,11.175143238243031,50.91123334844901,15.3184165232358,10.462245135547311,,2615.0
2018-11-12,5192,2573,2613,2600,2510,46300,2659.8,2651.6768732370115,2671.0637697449433,96.64909638554217,2787.5209458154327,2532.0790541845677,18.90686148172017,12.554061367281621,45.85678257850412,19.115044247787612,14.544364261914225,,2613.0
2018-11-13,5192,2528,2600,2528,2427,45200,2636.5,2616.826532648464,2649.9573927670426,91.34793910137392,2808.744593529053,2464.255406470947,24.517180330053634,14.696075853586182,39.857188328221945,17.752007136485283,17.395155969169515,,2600.0
2018-11-14,5192,2460,2528,2489,2441,39900,2603.9,2585.585344894198,2629.461653487361,88.23529411764706,2785.145579256402,2422.654420743598,28.25286754030867,17.134893582153786,39.08517896173285,9.515418502202644,15.460823295491798,,2528.0
2018-11-15,5192,2449,2489,2460,2425,23100,2576.3,2560.9334640043435,2611.5154881362787,89.87527512839326,2758.820245452357,2393.7797545476433,29.681552189086688,19.56112219075885,39.505802006538765,6.649168853893263,11.305531497527014,,2489.0
2018-11-16,5192,2451,2425,2488,2445,25900,2551.5,2541.85465236719,2595.963939320821,90.8284023668639,2725.049416593628,2377.950583406372,29.458460191672202,21.637509078919418,40.04084847049713,6.7272727272727275,7.630620027789495,2425.0,
2018-11-19,5192,2467,2425,2480,2451,18100,2532.5,2528.4265337549737,2583.1675453873836,92.8517682468021,2696.5957037828493,2368.4042962171507,27.84718375675584,23.41831941104081,41.16171134952714,9.295774647887324,7.55740540968439,2425.0,
2018-11-20,5192,2458,2488,2458,2387,26900,2505.4,2505.076254890433,2564.8507908468996,89.85398727068514,2658.1722487888055,2352.6277512111947,29.038098669835108,24.83143247449602,36.94681966395483,7.9452054794520555,7.989417618203987,,2488.0
2018-11-21,5192,2366,2458,2382,2310,27800,2485.4,2482.5169358194453,2546.4657117606325,92.25106547849671,2645.535442672722,2325.264557327278,29.82769957500159,26.064982882337517,35.84243621729385,10.69023569023569,9.310405272524974,,2458.0
2018-11-22,5192,2362,2382,2372,2315,32700,2462.9,2460.059311125001,2527.719140583122,91.29256965944272,2624.5179445482113,2301.282055451789,30.45980789311443,27.554412403060926,34.554480420854716,10.717163577759871,9.78420158248249,,2382.0
2018-11-26,5192,2355,2310,2399,2341,16600,2435.6,2443.6848909204555,2511.947226523714,89.67082860385925,2552.2917306409868,2318.908269359013,29.44277943481802,28.725069953405132,35.79674799964472,14.240506329113925,11.882635199036445,2310.0,
2018-11-27,5192,2384,2311,2435,2351,29700,2419.9,2437.5603652985546,2501.7525038707054,93.88391118036618,2497.2741558919297,2342.5258441080705,26.002243880438527,28.890077014559008,40.239017947079226,17.075163398692812,14.01094443518882,2311.0,
2018-11-28,5192,2442,2315,2497,2436,38800,2422.4,2446.1857534260903,2500.0772534835405,101.01626016260164,2506.148194010311,2338.6518059896894,19.411658462690866,27.90772045037925,47.56484159147075,29.130434782608695,20.148701503471763,2315.0,
2018-11-29,5192,2525,2325,2525,2458,19000,2424.0,2448.879252803165,2496.1695281349885,100.65439672801637,2509.995348711361,2338.004651288639,15.460749611825122,26.327631275127967,45.63691848778124,39.5910780669145,28.59889208273862,2325.0,
2018-11-30,5192,2487,2341,2487,2435,25600,2425.1,2451.0830250207714,2492.6525753213296,100.44897959183675,2512.6646047212494,2337.5353952787505,12.310572863183097,24.4223104608514,45.63691848778124,49.79123173277662,39.504248194099894,2341.0,
2018-12-03,5192,2463,2355,2526,2463,19500,2430.7,2462.1588386533585,2494.5873177892763,102.28013029315962,2531.6001486618757,2329.799851338124,7.445512514465918,22.155458100596963,50.5741769645438,59.857482185273156,49.74659732832138,2355.0,
2018-12-04,5192,2512,2372,2512,2402,25500,2424.2,2451.4026861709294,2485.4285860100103,97.36628849270664,2523.0040484999913,2325.3959515000083,8.953917431812442,19.923882407483333,41.830137730287674,61.60220994475139,57.08364128760035,2372.0,
2018-12-05,5192,2356,2526,2388,2332,29000,2419.9,2434.2385614125787,2472.5857274085824,98.20833333333333,2526.014843447977,2313.785156552023,11.822563301037007,17.923311710376158,38.78268379134482,52.61538461538462,58.025025581803014,,2526.0
2018-12-06,5192,2342,2388,2342,2287,44400,2412.6,2411.286095701201,2456.127154667232,96.93406131877363,2536.900281576465,2288.2997184235346,15.662183172480127,16.279131185861235,35.79145176639872,23.994038748137108,46.070544436091005,,2388.0
2018-12-07,5192,2308,2342,2315,2287,31700,2406.7,2391.052260119164,2440.5144392000884,97.49894022891056,2545.385399375668,2268.0146006243317,18.148627910919004,15.024225460983567,35.31257885822565,11.671469740634006,29.42696436805187,,2342.0
2018-12-10,5192,2250,2315,2268,2180,49200,2392.2,2360.860940097498,2418.962995279557,93.88185654008439,2568.438020869472,2215.9619791305277,22.734878875064624,14.661184904830911,31.11016152457603,9.587378640776699,15.084295709849231,,2315.0
2018-12-11,5192,2247,2268,2249,2147,93000,2371.0,2331.249860079771,2396.8666957511196,91.20331950207469,2581.287422353284,2160.712577646716,26.386037100792237,15.436115864619953,29.73811038926395,11.307053941908714,10.855300774439767,,2268.0
2018-12-12,5192,2193,2147,2289,2193,62900,2348.1,2317.5680673379948,2382.780026175731,90.78470824949699,2553.5623079788315,2142.6376920211683,25.368789219722203,16.537009154386297,36.243066423083455,18.568840579710145,13.154424387465147,2147.0,
2018-12-13,5192,2258,2147,2299,2203,61600,2330.6,2311.828418731087,2373.102023557987,92.88906948394961,2524.078060771727,2137.121939228273,22.514997139621755,17.67083407399059,39.3698041631966,26.297273526824977,18.72438934948124,2147.0,
2018-12-14,5192,2243,2299,2251,2144,78800,2300.4,2284.041433507253,2351.691821201848,87.72856562373019,2497.28209669746,2103.51790330254,25.751968742642475,19.70488476601021,32.17593736926008,23.07017543859649,22.645429848377162,,2299.0
2018-12-17,5192,2249,2251,2249,2175,39000,2268.1,2266.7611728695706,2335.4226390814306,87.14171974522293,2415.21750405709,2120.9824959429097,25.766165866451956,21.572912369859043,35.188614960384626,17.410323709536307,22.25925755831922,,2251.0
2018-12-18,5192,2175,2248,2175,2096,48400,2241.1,2242.440959620558,2315.1803751730267,88.76404494382022,2378.0275720955706,2104.1724279044292,27.567586508216664,23.322359392879005,32.304068520578326,8.12395309882747,16.20148408232005,,2248.0
2018-12-19,5192,2147,2175,2172,2111,27600,2219.7,2224.3607851440925,2297.9623376555246,90.92066185829444,2343.7711086433405,2095.628891356659,27.47723781931245,24.63514324252704,33.354678890915565,10.38647342995169,11.973583412771783,,2175.0
2018-12-20,5192,2134,2171,2145,2065,82200,2196.5,2197.3860969360753,2275.7661038897404,89.94800693240902,2332.079496974976,2060.920503025024,29.662932927767542,25.914510466621323,29.995767274024374,7.1915215745647245,8.567316034447922,,2171.0
2018-12-21,5192,2026,2145,2042,1934,100600,2163.0,2155.1340793113345,2244.689493500475,85.43478260869564,2339.195346136007,1986.8046538639928,35.35285168032897,27.316507444984026,25.427260758521783,6.05854322668482,7.878846077067038,,2145.0
2018-12-25,5192,2005,2042,2005,1885,56500,2133.6,2114.3824285274554,2213.3205441501623,86.78651685393258,2351.7269355214694,1915.4730644785304,39.685939707283524,28.794274401260836,24.210890858187383,5.706874189364462,6.318979663537962,,2042.0
2018-12-26,5192,1968,2005,1995,1937,42600,2109.7,2086.1310778861,2187.8884897349526,89.12647861692447,2345.9829659539323,1873.4170340460673,40.10569345761314,30.43170820547094,27.295438926900133,9.817945383615085,7.1944542665547475,,2005.0
2018-12-27,5192,1999,1885,2135,1999,51100,2096.9,2093.743609179536,2181.8996407614163,94.32624113475178,2313.1099905184474,1880.6900094815528,31.355813120678704,31.414021092255048,42.50531833392954,26.115107913669068,13.879975828882829,1885.0,
2018-12-28,5192,2125,1890,2139,2096,30100,2080.2,2098.335680237802,2175.6096766852356,92.69466316710411,2257.74728947519,1902.6527105248097,24.883407565810103,31.317514294829227,42.00139058758497,42.35203689469639,26.095030063993473,1890.0,
