value_date,stock_code,open,close,HIGH,LOW,VOLUME,SMA,EMA,SMMA,MOMENTUM,BBAND_UPPER,BBAND_LOWER,MACD,MACD_SIGNAL,RSI,STOCH,STOCHAS_SIGNAL,PSARBULL,PSARBEAR
2018-01-04,7270,3612,3613,3620,3595,3489200,,3613.0,3613.0,,,,0.0,,,,,,
2018-01-05,7270,3627,3690,3705,3613,5915300,,3655.35,3653.526315789474,,,,-1.0694444444443434,,100.0,,,,
2018-01-09,7270,3700,3620,3718,3670,4020200,,3664.857142857143,3662.926199261993,,,,-1.105705523794768,,86.66666666666667,,,,3620.0
2018-01-10,7270,3693,3670,3709,3687,2388300,,3673.1405940594063,3670.798778714743,,,,-1.327175030370654,,88.3408071748879,,,3670.0,
2018-01-11,7270,3670,3709,3712,3667,3296100,,3684.2960726260276,3680.8598813215795,,,,-1.9549265366645159,,90.82269888677709,,,,3709.0
2018-01-12,7270,3715,3667,3723,3686,3086100,,3686.2970486727095,3683.2374087361463,,,,-1.6738915011824247,,75.15920864699754,,,3667.0,
2018-01-15,7270,3721,3667,3732,3704,2540400,,3692.008507772133,3688.367259654006,,,,-1.9902713813644368,,78.71681541021937,,,3667.0,
2018-01-16,7270,3722,3669,3812,3719,6277100,,3718.1696264293214,3709.197094639625,,,,-5.1881579615101145,,88.37711224471751,,,3669.0,
2018-01-17,7270,3771,3677,3795,3739,4032600,,3734.014967072756,3722.550937510869,,,,-6.509150145172043,-2.3131913916114777,81.78309142055869,,,3677.0,
2018-01-18,7270,3840,3685,3842,3761,4183100,3715.1,3740.943676591547,3729.3753795723223,,3825.475540768777,3604.7244592312227,-6.326996548548323,-3.016191008116847,72.98623667149106,,,3685.0,
2018-01-19,7270,3778,3697,3787,3727,3013300,3728.9,3742.998057740325,3732.5267865023125,103.81954054802102,3817.0292233030564,3640.770776696944,-5.4417257062705175,-3.502000037208644,67.75394540068012,,,3697.0,
2018-01-22,7270,3775,3708,3800,3761,2429500,3737.4,3749.3919872337538,3738.445816849436,102.30352303523036,3825.2780973849567,3649.5219026150435,-5.580881478182164,-3.9992418099183547,71.1006332719788,,,3708.0,
2018-01-23,7270,3792,3718,3809,3781,2624300,3748.9,3758.1471684890053,3745.8946213187337,103.12584941560206,3833.225322412665,3664.5746775873354,-6.227119549193048,-4.54368008978751,73.44989751832136,,,3718.0,
2018-01-24,7270,3780,3727,3780,3730,4177300,3753.6,3754.0557548697693,3744.741321086305,101.27371273712737,3829.0411028551403,3678.1588971448596,-4.252483713015863,-4.798964220493215,58.17200323127439,,,3727.0,
2018-01-25,7270,3700,3842,3701,3661,5161600,3750.5,3740.0842531924445,3736.7145474709396,99.16487068965517,3834.5773453434385,3666.4226546565615,-0.5739013965203412,-4.676743097752984,47.67904965145247,,,,3842.0
2018-01-26,7270,3700,3701,3735,3679,2987000,3749.4,3728.8902393846106,3729.8758724327736,99.7020585048754,3836.7347582580946,3662.0652417419055,1.9171065243135672,-4.242589997122094,47.67904965145247,35.0076103500761,,,3701.0
2018-01-29,7270,3682,3700,3700,3663,2747200,3744.9,3716.8774719855396,3722.0897852892813,98.78706199460916,3843.7673859268057,3646.0326140731945,4.198239397888301,-3.199656957188937,44.98998699259704,15.5668358714044,,,3700.0
2018-01-30,7270,3677,3699,3679,3634,3617000,3729.1,3704.193704491489,3713.490029560616,95.84975045967954,3833.56224198245,3624.63775801755,6.281825725274302,-1.7784374160282317,42.41386813451345,6.842105263157896,19.138850494879467,,3699.0
2018-01-31,7270,3651,3679,3670,3617,3272400,3711.8,3688.1681575071084,3702.449632697988,95.43656027433394,3826.3418700737857,3597.2581299262147,8.815130897857216,-0.09597881087206082,37.887290514787814,3.257328990228013,8.555423374930102,,3679.0
2018-02-01,7270,3651,3670,3663,3628,1969600,3700.6,3682.026595595237,3697.0479510434693,97.02681178656756,3813.248834880792,3587.951165119208,8.679234130066106,1.473016726498675,45.379994013685966,8.206686930091186,6.102040394492366,,3670.0
2018-02-02,7270,3650,3663,3665,3626,2644900,3690.3,3675.7470940802086,3691.540540662505,97.25406558251133,3801.4577257773835,3579.142274222617,8.62870714311066,3.0518599066423224,44.29141825482972,10.37037037037037,7.278128763563191,,3663.0
2018-02-05,7270,3603,3660,3652,3596,3731300,3676.3,3668.2478088114726,3685.268870797099,96.29139072847683,3775.927506242001,3576.6724937579993,8.90148633623221,4.732816116134018,42.263770728939484,15.517241379310345,11.364766226590634,,3660.0
2018-02-06,7270,3524,3652,3584,3502,9340900,3654.9,3652.0423515991306,3673.718260252368,94.35951502372166,3734.0325470334424,3575.767452966558,11.235626402433354,6.4537172400728195,34.96971623254392,18.249075215782984,14.712228988487901,,3652.0
2018-02-07,7270,3623,3502,3687,3614,6456300,3642.7,3645.252391201512,3667.337460529231,96.73534921059674,3702.760303029538,3582.6396969704615,10.928141882696309,7.731722048874669,41.8476511414789,25.755879059350505,19.840731884814616,3502.0,
2018-02-08,7270,3640,3502,3724,3634,6538000,3646.6,3658.9335154419728,3673.0110180274073,101.0594947025265,3719.742053567014,3573.457946432986,5.714475521299846,8.1536519374287,56.65779691379457,42.872117400419285,28.95902389185093,3502.0,
2018-02-09,7270,3600,3510,3781,3595,10615100,3656.6,3681.248395151593,3684.555836393246,102.71665308340125,3764.774673560866,3548.4253264391336,-0.7213448296693059,7.607031467700078,62.6146719218517,66.23235613463626,44.95345086480202,3510.0,
2018-02-13,7270,3799,3526,3857,3739,8004400,3664.9,3693.4391228841137,3691.291956358311,102.26466575716235,3786.3065896069897,3543.4934103930104,-3.5783812117206253,6.511452919145086,57.972726607715614,76.67698658410733,61.927153373054296,3526.0,
2018-02-14,7270,3735,3552,3751,3641,5057100,3668.3,3691.53418740156,3690.4169684367102,100.93176212661004,3789.6393588247442,3546.960641175256,-2.4742489144909996,5.257077384439729,50.09497669652053,69.41986234021633,70.77640168631997,3552.0,
2018-02-15,7270,3716,3576,3736,3688,2997200,3676.4,3692.8956503806317,3691.3176970709237,102.23880597014924,3793.9829919673757,3558.8170080326245,-2.3745027123995897,4.0288844019435395,51.83015851793177,58.59154929577465,68.22946607336611,3576.0,
2018-02-16,7270,3682,3598,3718,3668,3794200,3679.3,3691.274320582711,3690.5535335887084,100.79343365253078,3796.056327451663,3562.5436725483373,-1.5538827340897114,2.8974855266990542,50.07241609817831,52.58215962441315,60.19785708680138,3598.0,
2018-02-19,7270,3713,3618,3772,3706,3896600,3691.3,3705.2522275968204,3698.6053744023416,103.28947368421053,3817.042753270317,3565.5572467296834,-4.770750676825628,1.3783480808037387,58.549965080514454,60.56338028169014,57.24569640062598,3618.0,
2018-02-20,7270,3744,3637,3754,3708,2915200,3701.6,3711.2160668852366,3702.684915504888,102.83356258596974,3824.0392094061363,3579.1607905938636,-5.4369349811054235,-0.4741587395894587,54.96067570762312,64.22535211267606,59.12363067292645,3637.0,
2018-02-21,7270,3720,3654,3732,3696,3822900,3716.5,3714.4538173876454,3705.4003391092597,104.16201117318435,3808.635769384098,3624.364230615902,-5.310908537595878,-2.2784976751774795,53.89328738726641,68.45070422535211,64.4131455399061,3654.0,
2018-02-22,7270,3696,3857,3699,3656,3395600,3723.7,3709.4567741230962,3703.5076645455183,101.99170124481327,3790.847896467422,3656.552103532578,-3.142305775398654,-3.2625844859217574,49.10090619980924,60.84507042253521,64.50704225352112,,3857.0
2018-02-23,7270,3705,3699,3761,3704,3497400,3727.2,3717.7447429507392,3708.7891006495474,100.94086021505377,3796.81494092506,3657.5850590749396,-4.690849218873609,-3.70364052916668,55.93328125605031,62.441314553990615,63.91236306729264,,3699.0
2018-02-26,7270,3778,3656,3812,3773,3288000,3726.9,3728.708234154552,3715.8697052746056,99.92065591113463,3795.604876100606,3658.1951238993943,-6.650173355986681,-4.044950767418464,57.98748688944761,67.04225352112675,63.44287949921752,3656.0,
2018-02-27,7270,3799,3659,3835,3794,4074900,3734.0,3745.134713482711,3726.3961646004836,101.89434364994663,3821.940889238167,3646.059110761833,-9.654460557997936,-4.842752061141457,61.43836300250363,77.46913580246914,68.98423462586216,3659.0,
2018-02-28,7270,3837,3666,3843,3780,3094900,3743.7,3751.4769505961963,3731.856182568137,102.63372250882432,3828.3359261779506,3659.064073822049,-9.601575902492641,-5.645760193374018,56.66999955435036,77.92946530147896,74.14695154169159,3666.0,
2018-03-01,7270,3741,3676,3758,3698,4060900,3746.5,3747.0248188452565,3731.3624557351864,100.75696134090295,3826.775774677044,3666.224225322956,-6.8351853725826,-6.232571597651006,50.88963778125466,68.8295165394402,74.74270588112941,3676.0,
2018-03-02,7270,3675,3843,3687,3614,4794600,3742.9,3729.014424447469,3722.9011445109313,99.0228013029316,3836.231452361996,3649.568547638004,-1.1190703614934137,-5.826829340391871,43.7296296516602,45.76271186440678,64.17389790177529,,3843.0
2018-03-05,7270,3625,3687,3631,3585,3577200,3726.7,3706.6421875080187,3711.0534222434762,95.70063694267516,3848.788656311713,3604.6113436882865,4.718212574096924,-4.698479612036055,40.46961111610013,24.50851900393185,46.36691580259292,,3687.0
2018-03-06,7270,3650,3631,3675,3618,2636000,3714.7,3690.521901903933,3701.6353216669854,96.78972712680579,3852.5580429282227,3576.841957071777,7.973174825544447,-3.222470349464907,41.804515614105874,11.594202898550725,27.288477922296423,,3631.0
2018-03-07,7270,3600,3585,3641,3578,3662300,3702.5,3675.3333847568165,3692.0687067016606,96.72834540091178,3854.049991751896,3550.950008248104,10.438519841194193,-1.713489725399035,40.899154312316824,10.627400768245838,15.57670755690944,3585.0,
2018-03-08,7270,3646,3578,3648,3613,2822000,3695.6,3664.9076071719105,3684.5893027366974,98.12855980471929,3855.4028785723203,3535.7971214276795,11.280101871760507,0.061060395782533305,42.246144393647526,12.944162436548224,11.721922034448232,3578.0,
2018-03-09,7270,3645,3578,3691,3622,4559300,3683.7,3659.65104917083,3679.6875904971803,96.83089214380826,3841.750751342725,3525.6492486572747,10.673698044433422,1.9859349958292114,44.47619355594129,15.974842767295597,13.182135324029856,3578.0,
2018-03-12,7270,3668,3584,3698,3645,3142800,3672.4,3660.623680973701,3678.2072027542035,97.00899947061937,3817.4936249461016,3527.3063750538986,8.598385039654204,4.014028951123894,47.962458591244726,23.270440251572328,17.396481818472022,3584.0,
2018-03-13,7270,3631,3593,3665,3609,2203200,3656.8,3661.0557736137553,3676.6756549712486,95.91516103692067,3764.119336561498,3549.4806634385022,7.021212308520717,5.861005419014266,47.7398311328384,28.930817610062892,22.725366876310243,3593.0,
2018-03-14,7270,3637,3601,3659,3623,2205100,3643.4,3658.318180689761,3673.5884465379713,96.45502645502646,3712.498191003818,3574.301808996182,6.52140202259443,7.345070685145048,45.794067336359184,30.18867924528302,27.46331236897272,3601.0,
2018-03-15,7270,3638,3608,3687,3624,2539800,3638.3,3661.5332294438163,3673.830990793698,98.63160719077005,3686.258732260144,3590.3412677398564,4.599046286149587,7.980416979327604,49.69090872742937,31.572327044025155,30.230607966456997,3608.0,
2018-03-16,7270,3677,3615,3678,3615,3841600,3635.9,3654.7087062935952,3668.8220768980777,99.3421052631579,3684.0784184049267,3587.7215815950735,5.554478468478919,8.073335412036714,43.81165337095564,26.666666666666668,29.475890985324924,3615.0,
2018-03-19,7270,3614,3698,3625,3596,2184700,3635.8,3645.670435036535,3662.4101280395175,99.9722684414864,3684.2297429272567,3587.3702570727437,6.906811568965168,7.954850605750128,41.86267379193625,21.50943396226415,26.582809224318634,,3698.0
2018-03-20,7270,3600,3625,3632,3592,1915000,3635.6,3640.275651934947,3657.749659841147,99.94472084024324,3684.3376651061594,3586.8623348938404,7.1024083662227895,7.584171552975527,43.431644961416445,15.63380281690141,21.269967815277383,,3625.0
2018-03-22,7270,3592,3623,3620,3562,3043000,3636.8,3636.4072585642134,3653.860080309504,100.33268644302744,3683.1965515959987,3590.4034484040017,6.877941084759641,7.095042576642097,43.87649938511054,20.998278829604132,19.380505202923203,,3623.0
2018-03-23,7270,3563,3619,3566,3467,7027000,3622.7,3607.423550420804,3636.114066049437,96.1028192371476,3729.6132358503855,3515.786764149614,13.065778915939063,7.3608293401427245,31.32104612307731,19.195612431444243,18.609231359316567,,3619.0
2018-03-26,7270,3453,3566,3482,3429,3711800,3607.3,3584.618901443573,3620.6556154726954,95.76457645764577,3742.6870008531114,3471.912999146889,16.621968309690146,8.25233859236894,32.05827667827745,18.867924528301888,19.687271929783392,,3566.0
2018-03-27,7270,3504,3429,3562,3502,4695300,3597.0,3580.50631974513,3614.7739444552244,97.18963165075034,3728.8878311293365,3465.1121688706635,14.826640869592211,9.119608432487995,42.66341101354544,25.487646293888165,21.183727751211404,3429.0,
2018-03-28,7270,3415,3562,3475,3414,4591500,3578.2,3561.3231458092373,3600.7620101052457,94.86759486759486,3720.2979943560094,3436.10200564399,17.169629135216837,10.30274477833493,36.06962059903274,30.04866180048662,24.801410874225528,,3562.0
2018-03-29,7270,3501,3475,3513,3456,3401700,3562.5,3548.173367001515,3589.560959213459,95.69391113549095,3705.8520142865127,3419.1479857134873,17.58142511828828,11.745231315239229,37.73725667695422,32.13859020310633,29.224966099160344,,3475.0
2018-03-30,7270,3501,3414,3513,3469,2408900,3543.6,3537.050856406556,3579.2843441998602,94.85854189336234,3671.0682705617387,3416.131729438261,17.411564949466992,13.062685368682347,37.58641839141085,24.53051643192488,28.90592281183925,3414.0,
2018-04-02,7270,3471,3415,3552,3471,2877700,3533.1,3533.768863144566,3573.2450571187856,97.10264900662253,3649.132581631198,3417.067418368802,15.284172529992247,13.993503253240911,41.6080207250117,30.083234244946492,28.917446959992542,3415.0,
2018-04-03,7270,3491,3420,3533,3469,2900300,3524.0,3530.1745070345796,3567.31095412713,97.47572815533981,3629.8791764229427,3418.1208235770573,13.604566943306054,14.715965317361274,41.16172950530467,33.49397590361446,29.36924219349525,3420.0,
2018-04-04,7270,3569,3425,3603,3566,4071700,3520.0,3538.5064477646133,3568.1811253167552,98.89380530973452,3614.0340363910886,3425.9659636089114,9.187767159717168,14.972612659023222,48.53350717300891,44.810744810744815,36.12931831976856,3425.0,
2018-04-05,7270,3601,3435,3605,3549,3340300,3517.4,3548.414398380345,3570.6662683734507,99.28156949433546,3601.2245787344064,3433.575421265594,5.130672111656622,14.090934125214062,50.36963011527235,54.44444444444444,44.24972171960121,3435.0,
2018-04-06,7270,3590,3448,3630,3588,3068800,3528.7,3555.975436853893,3572.6019237094747,103.24992809893587,3617.9818010571053,3439.4181989428944,2.3649005791980926,12.506815488492723,50.03042034618928,68.47682119205298,55.910670149080715,3448.0,
2018-04-09,7270,3569,3466,3588,3555,2296800,3537.6,3558.7071815189715,3572.4415611751783,102.55600229753014,3624.1896067666353,3451.0103932333645,1.2967786032877484,11.003497458903338,47.833333291811016,73.14285714285714,65.35470759311816,3466.0,
2018-04-10,7270,3558,3482,3611,3530,3787600,3540.7,3564.9422504636113,3574.499370275539,100.87029758562605,3632.617571769496,3448.7824282305037,-0.4814928631926705,9.042261681302282,50.541691689778006,78.52760736196319,73.38242856562441,3482.0,
2018-04-11,7270,3626,3496,3629,3587,2460400,3552.4,3569.861848414771,3576.250938728875,103.36690647482014,3637.4138812194833,3467.386118780517,-1.624285259739736,6.908293861521391,50.41357004587943,79.07692307692308,76.91579586058111,3496.0,
2018-04-12,7270,3575,3509,3575,3531,3071100,3557.1,3563.7051414061257,3572.222728818057,101.34709085697908,3632.1916773018183,3482.0083226981815,0.2366236121233669,4.999967046260988,43.728445836985564,73.91975308641975,77.17476117510198,3509.0,
2018-04-13,7270,3547,3521,3590,3544,3199400,3566.0,3565.9405724090757,3572.6007190925548,102.55233725265272,3625.1540362105616,3506.8459637894384,-0.3570551063453422,3.2620528644457005,48.937085074330426,71.29629629629629,74.76432415321301,3521.0,
2018-04-16,7270,3563,3531,3584,3551,2194600,3571.8,3567.951379020965,3573.0409230057157,101.6481955100881,3622.0935383523606,3521.5064616476398,-0.7940976222625977,1.6622012460491835,49.0640210476838,68.98148148148148,71.39917695473247,3531.0,
2018-04-17,7270,3589,3540,3612,3581,2003500,3580.3,3573.5965864998575,3575.6382954176634,102.41889584519066,3614.94159349684,3545.65840650316,-2.080870423761553,0.4101304034404368,51.89709421478337,77.22772277227723,72.50183351668495,3540.0,
2018-04-18,7270,3583,3549,3612,3566,2821100,3583.2,3579.306301077845,3578.5759568236244,100.81096196868009,3620.6571755475543,3545.7428244524453,-3.1648102268318326,-0.5115898563916138,52.67027379979086,80.21778584392014,75.4756633658929,3549.0,
2018-04-19,7270,3535,3630,3548,3495,6499500,3576.3,3569.250605603106,3573.1158671038256,98.07959922070692,3627.054704215475,3525.5452957845255,-0.06277779751508206,-0.7813318982486331,42.693515785406184,67.33870967741935,74.92807276453885,,3630.0
2018-04-20,7270,3540,3548,3540,3498,3478400,3568.7,3559.205037376407,3567.201849150618,97.88300835654596,3630.5258845468497,3506.87411545315,2.5005264780652396,-0.6475821343844674,41.64473757268798,48.86128364389234,65.47259305507724,,3548.0
2018-04-23,7270,3519,3495,3553,3518,3253500,3565.8,3556.076847852539,3564.680731451038,99.1879025483058,3629.6109708435815,3501.989029156419,2.866457521120992,-0.275587647238505,45.66922307078995,32.16630196936542,49.455431763559,3495.0,
2018-04-24,7270,3562,3496,3620,3561,3463500,3568.1,3566.9719690179013,3569.814367753621,100.64013359309769,3637.11275244475,3499.0872475552496,-0.38938354474794323,-0.13837634557275022,54.58377887285016,49.419953596287705,43.48251306984846,3496.0,
2018-04-25,7270,3589,3500,3618,3585,2401000,3570.5,3575.8861582050667,3574.4343155335173,100.66815144766149,3644.181748079157,3496.818251920843,-2.5813586577842216,-0.4514854866735934,54.583778872850154,71.35802469135803,50.98142675233702,3500.0,
2018-04-26,7270,3624,3504,3679,3622,4736800,3583.2,3591.7250410549614,3583.293273432514,103.59162895927602,3671.121783421404,3495.2782165785957,-6.154947525186344,-1.0956957554337048,59.480982911832285,90.30837004405286,70.36211611056616,3504.0,
2018-04-27,7270,3686,3514,3704,3647,3100000,3593.5,3607.5932174771406,3592.866269928849,102.88031319910516,3698.1718682359315,3488.8281317640685,-9.123068751763185,-2.021136992044881,61.02185018728217,89.58333333333334,83.74990935624804,3514.0,
2018-05-01,7270,3710,3529,3729,3685,3871800,3608.0,3628.3944528816946,3605.782464795186,104.05367626502655,3736.884444367814,3479.115555632186,-12.836155951851651,-3.2161687173882254,64.88652773510657,92.34449760765551,90.7454003283472,3529.0,
2018-05-02,7270,3722,3549,3736,3695,2578800,3619.8,3644.5045537635838,3616.906405583334,103.27868852459017,3763.932716619094,3475.667283380906,-14.72390585123685,-4.500512675655449,64.09078285654194,92.54385964912281,91.49056353003716,3549.0,
2018-05-07,7270,3721,3571,3726,3667,2188100,3627.7,3651.6855445010942,3623.616952552552,102.19140083217752,3776.3123817183478,3479.087618281652,-14.025654383431629,-6.051943407423955,58.95215004628257,89.10614525139665,91.33150083605828,3571.0,
2018-05-08,7270,3686,3590,3698,3666,1855200,3642.9,3656.106354850053,3628.856091724048,104.3132803632236,3776.291004194435,3509.508995805565,-12.75220433356435,-7.746691275382798,57.743458371793885,81.88105117565698,87.84368535872544,3590.0,
2018-05-09,7270,3667,3607,3681,3642,1977000,3657.7,3657.1779267467136,3632.170957708245,104.21172453044963,3759.762921768876,3555.6370782311237,-10.851649357701262,-9.270925373029716,55.59525049239997,74.27385892116183,81.75368511607178,3607.0,
2018-05-10,7270,3680,3622,3713,3680,2140000,3672.7,3663.5092130403523,3638.1546338735784,104.23489553924337,3740.7649689634804,3604.635031036519,-10.615835354316005,-10.407197796315055,59.10608312485678,75.38035961272476,77.17842323651449,3622.0,
2018-05-11,7270,3674,3736,3715,3543,6508400,3671.8,3653.2348103406475,3635.0388087192687,99.75110619469027,3743.0056177559018,3600.5943822440986,-6.2064972216567185,-10.809990970078665,47.61828476289339,65.83679114799446,71.83033656062698,,3736.0
2018-05-14,7270,3540,3713,3576,3501,4784900,3667.0,3637.7375716912084,3628.334227247566,98.67256637168141,3756.679429079358,3577.320570920642,-1.2307478797911244,-10.262857676145863,43.44590494346455,52.63888888888889,64.61867988320267,,3713.0
2018-05-15,7270,3595,3576,3595,3546,2842200,3655.7,3621.7852855875,3620.5000677505936,96.91509691509691,3769.72122609409,3541.6787739059096,3.0060894357834513,-8.915173433085126,41.63273859779233,32.35294117647059,50.276207071117945,,3576.0
2018-05-16,7270,3570,3501,3586,3537,2880600,3643.7,3610.369778916999,3614.3495403856855,96.7382440880674,3769.985549450441,3517.4144505495588,5.366223642526165,-6.892686811487591,42.915545664123414,25.0,36.66394335511979,3501.0,
2018-05-17,7270,3568,3502,3581,3553,2228500,3627.0,3600.302546242293,3608.4141342036146,95.51316496507253,3751.608185926928,3502.391814073072,6.983353866020934,-4.480769065125616,42.468796095347415,22.836879432624112,26.729940203031532,3502.0,
2018-05-18,7270,3556,3503,3570,3542,2458000,3611.7,3593.7020832117187,3603.972416260788,95.88377723970945,3725.447263703352,3497.952736296648,7.447770152510657,-2.0948330055764726,43.88426826522164,24.822695035460992,24.219858156028334,3503.0,
2018-05-21,7270,3564,3504,3581,3559,2118600,3599.2,3587.3926134763024,3599.4748971213535,96.60694896851248,3705.6586304627294,3492.74136953727,7.763751293086898,0.1847176196069995,43.24765943339687,24.822695035460992,24.160756501181996,3504.0,
2018-05-22,7270,3579,3505,3611,3564,2651100,3589.6,3586.048501924601,3597.527299252707,97.38846572361263,3683.1572551970185,3496.0427448029814,6.769531474129508,2.1426266009215293,46.74213134656815,28.368794326241137,26.004728132387672,3505.0,
2018-05-23,7270,3581,3509,3645,3581,3203500,3581.7,3585.4942288438397,3596.0744967164264,97.84270890223922,3661.850109170232,3501.5498908297677,5.749766417806768,3.9610267978240596,47.24190519163611,31.06382978723404,28.08510638297869,3509.0,
2018-05-24,7270,3539,3645,3548,3463,6145900,3561.9,3568.858914421145,3585.866587873014,94.63705308775732,3617.2711116016308,3506.5288883983694,8.99023860673833,5.649553000979065,36.34529576331479,26.193724420190996,28.54211617788869,,3645.0
2018-05-25,7270,3490,3548,3490,3445,2983600,3546.9,3548.5209298934606,3572.979407364112,95.84141946215692,3622.7548614130983,3471.045138586902,12.614858134646965,7.187953669249964,32.943344628185955,16.276041666666664,24.511198624697204,,3548.0
2018-05-28,7270,3470,3490,3473,3439,1752400,3535.0,3530.4262153037,3560.581014887443,96.66479820627802,3629.03829007378,3440.96170992622,15.049528076488514,8.526113518217194,32.24066588927148,6.551297898640297,16.340354661832624,,3490.0
2018-05-29,7270,3443,3473,3459,3426,2186000,3525.1,3515.9850852069017,3549.6225540504897,97.2112676056338,3630.8523522197047,3419.347647780295,16.142242399747374,9.723448935686216,32.627563519205594,5.62874251497006,9.485360693425646,,3473.0
2018-05-30,7270,3401,3459,3415,3383,3322100,3509.8,3495.9877969403556,3535.2598747644925,95.7010396178702,3634.144038859933,3385.4559611400673,18.462164272800692,10.998872314217301,28.662034311713526,6.465997770345597,6.215346061318622,,3459.0
2018-05-31,7270,3405,3415,3409,3327,5916300,3487.3,3465.808197438485,3514.733342074621,93.67088607594937,3647.1450499702773,3327.454950029723,22.972198094213127,12.723808752184242,23.47315335606318,5.431309904153355,5.8420167298229755,,3415.0
2018-06-01,7270,3331,3404,3388,3321,3224800,3467.4,3447.4794342389473,3499.7596499171696,94.41638608305276,3633.520919814455,3301.2790801855454,23.702922964263962,14.49482782675947,29.778059920355588,7.186858316221765,6.3613886635735435,,3404.0
2018-06-04,7270,3363,3321,3449,3354,3065900,3455.9,3446.84680983105,3494.1835649574728,96.7687552683338,3610.5931155546377,3301.2068844453624,19.822093490067346,15.945112495197009,41.494715475677204,17.598343685300208,10.072170635225083,3321.0,
2018-06-05,7270,3465,3321,3482,3412,5088600,3441.6,3445.05648076897,3488.465097733559,96.00558659217877,3572.3461662917903,3310.8538337082095,16.908236789024613,17.184942536443437,40.84440751328666,29.115226337448558,17.966809446323484,3321.0,
2018-06-06,7270,3410,3327,3448,3370,6743800,3422.2,3434.864393347627,3478.518414620015,94.58554284119452,3515.464355463384,3328.9356445366157,16.630910921254326,18.03390612694521,36.60771641961921,31.584362139917694,26.0993107208888,3327.0,
2018-06-07,7270,3410,3333,3480,3407,4121300,3419.4,3440.525412742968,3477.266553523523,99.19862621637093,3505.261283475152,3333.538716524848,12.3776164608189,18.007545940964317,46.24109794605669,33.8477366255144,31.51577503429353,3333.0,
2018-06-08,7270,3431,3338,3449,3415,3924500,3415.7,3436.793519514816,3471.5398173336134,98.92970783916691,3497.8707977325303,3333.5292022674694,11.240690323385934,17.58434174617514,42.12285508806588,32.098765432098766,32.510288065843596,3338.0,
2018-06-11,7270,3401,3343,3427,3386,2205700,3411.1,3430.6492432364885,3464.6857485245528,98.66628008118296,3490.3991803236354,3331.8008196763644,10.909826736860396,17.002962228076587,40.680905104158434,33.53909465020576,33.161865569272955,3343.0,
2018-06-12,7270,3440,3348,3455,3396,2472100,3406.5,3425.985744464412,3458.7171054277587,98.6670530281078,3481.2114449063893,3331.7885550936107,10.257862884698625,16.091373184954136,40.93706619844006,30.28571428571429,31.974524789339583,3348.0,
2018-06-13,7270,3408,3353,3434,3407,1498000,3408.0,3425.079245470596,3454.9453560720594,100.44039929536113,3483.2117012173003,3332.7882987826997,8.762445455652141,14.512511780669582,43.0556420841768,36.94444444444444,33.589751126788144,3353.0,
2018-06-14,7270,3400,3358,3420,3387,2654200,3414.6,3419.792109929118,3449.050765872772,101.98198198198199,3470.336523034725,3358.863476965275,8.63439529762718,12.838230928821051,40.604822538632234,46.49910233393178,37.90975368803015,3358.0,
2018-06-15,7270,3388,3362,3399,3372,2444100,3417.0,3414.193544486273,3443.045639231272,100.71322436849925,3465.5962961551645,3368.4037038448355,8.60511840749814,11.591900364091138,39.91963331628789,49.490835030549896,44.31146060297536,3362.0,
2018-06-18,7270,3374,3482,3376,3330,2919000,3406.4,3400.340172759093,3432.540996505219,96.92218350754936,3470.5635410494187,3342.2364589505814,10.674373430300875,10.899248879788502,35.252220601091324,33.126293995859214,43.03874378678029,,3482.0
2018-06-19,7270,3335,3376,3382,3334,3484200,3396.8,3389.551050437727,3423.3868350499074,97.2068664533023,3468.1066616803823,3325.493338319618,11.60819612024261,10.341169457453866,35.72826281045212,21.73913043478261,34.78541982039724,,3376.0
2018-06-20,7270,3330,3375,3349,3307,3341000,3392.0,3380.723586720752,3415.1481014831083,98.58365299498377,3470.826391519595,3313.173608480405,11.88314698899967,10.286228405029508,35.72826281045212,14.285714285714285,23.050379572118697,,3375.0
2018-06-21,7270,3336,3307,3376,3321,3513100,3380.3,3374.9556618618853,3408.5332551598135,96.62435083669936,3445.224879668741,3315.3751203312595,11.334401525335124,10.29664076080164,37.157203443912366,18.786692759295498,18.270512493264125,3307.0,
2018-06-22,7270,3300,3376,3300,3249,4875300,3366.3,3357.690996067473,3395.679866380984,95.90643274853801,3448.912589839567,3283.6874101604335,13.798807587724696,10.617638633119896,30.797299321026713,18.353344768439108,17.141917271149627,,3376.0
2018-06-25,7270,3250,3300,3252,3173,4812400,3344.4,3326.110814962288,3374.511785974794,93.56450191007934,3477.294544658539,3211.505455341461,19.473211415214337,11.641566247621641,24.511226392763916,11.748251748251748,16.29609642532878,,3300.0
2018-06-26,7270,3189,3252,3244,3172,3448100,3324.0,3303.3633940588697,3357.160538202688,94.00881057268722,3474.8403129140233,3173.1596870859767,21.9305552081687,13.104689553456815,27.339538325999413,8.372641509433961,12.824746008708269,,3252.0
2018-06-27,7270,3201,3244,3211,3173,2981000,3302.6,3285.8427769565114,3342.1444305038567,93.7445191464484,3453.0425471733324,3152.1574528266674,22.64227854554747,14.661121025447958,28.359747110384973,8.351893095768375,9.490928784484693,,3244.0
2018-06-28,7270,3221,3172,3262,3213,3562500,3286.3,3276.23499932772,3331.229952207936,95.20023557126031,3427.7865364619565,3144.813463538044,21.227375014461813,16.063593981777256,32.76521182937768,14.302059496567507,10.34219803392328,3172.0,
2018-06-29,7270,3228,3173,3231,3194,2339000,3269.9,3266.9195449042327,3320.606926113214,95.16081439952788,3397.2843004455435,3142.5156995544567,19.98567493110113,17.098183037421727,32.110894616914024,17.550058892815077,13.401337161716986,3173.0,
2018-07-02,7270,3203,3262,3214,3165,2586600,3253.0,3249.1159912848666,3305.4461938461277,94.93708807669263,3384.5355465264065,3121.4644534735935,21.114811019916033,18.154473581829887,27.9093598328828,14.131736526946106,15.327951638776229,,3262.0
2018-07-03,7270,3171,3214,3174,3116,3518900,3232.1,3227.822174687212,3288.101533630097,93.74438790781203,3367.426124602755,3096.773875397245,22.93715510543325,19.38269670587806,25.53228115420717,8.528037383177569,13.403277600979584,,3214.0
2018-07-04,7270,3100,3174,3128,3082,2279500,3209.7,3207.6726883801316,3270.9913440155865,93.29542053277461,3339.5523777217813,3079.8476222782183,24.157290944381657,20.807462196883233,24.616901433819407,6.179775280898876,9.613183063674182,,3174.0
2018-07-05,7270,3129,3082,3173,3125,4218300,3188.3,3194.459472310848,3257.392183682639,93.61003284562555,3285.768148643545,3090.8318513564554,23.409158564147674,21.87527897204134,27.954869888095473,11.292073832790445,8.666628832288962,3082.0,
2018-07-06,7270,3144,3082,3205,3139,3266300,3177.6,3190.557750072471,3248.952950831354,96.73780487804878,3253.5747326418464,3101.6252673581535,20.428602540745032,21.98143354154475,34.54435008904832,19.520174482006546,12.330674531898621,3082.0,
2018-07-09,7270,3189,3086,3213,3181,2370600,3178.9,3191.729068241122,3243.7576477238736,100.40829145728642,3255.7085932692435,3102.0914067307567,16.674730695478047,21.39745304013468,38.377852037322086,28.97091722595078,19.927721846915922,3086.0,
2018-07-10,7270,3217,3093,3242,3110,6740900,3175.6,3187.414692197252,3236.181872420518,98.96907216494846,3251.1523659457466,3100.047634054253,14.959041115035234,20.543759992299986,35.66014235824886,32.88288288288289,27.124658196946736,3093.0,
2018-07-11,7270,3125,3242,3137,3064,4439500,3166.6,3174.6120208885877,3224.2636702678888,97.19363891487372,3246.370671302177,3086.829328697823,15.691219207692939,19.928631569325667,31.443128663711477,30.8252427184466,30.893014275760084,,3242.0
2018-07-12,7270,3125,3137,3126,3097,2627800,3155.3,3164.682562545162,3213.837291501326,96.50479430869161,3225.7105105790315,3084.889489420969,15.565579172342495,19.437509818352485,31.95289057481861,26.785714285714285,30.16461329568125,,3137.0
2018-07-13,7270,3103,3126,3133,3097,3188400,3145.3,3157.4675511732867,3204.953553348665,96.89922480620154,3199.9043954274734,3090.695604572527,14.770820405201903,18.732621972273137,32.84908402684425,26.89873417721519,28.16989706045868,,3126.0
2018-07-17,7270,3142,3064,3201,3137,3552500,3146.3,3161.3825418690653,3202.358195646743,100.31555695803091,3202.9324995033758,3089.6675004966246,11.286035383534,17.43805311428433,41.76889329366569,39.05723905723906,30.913895840056167,3064.0,
2018-07-18,7270,3226,3066,3233,3210,1848300,3154.9,3171.676625165625,3203.9223773659974,102.74584929757344,3224.7996423452933,3085.000357654707,6.779841358370504,15.507225382505315,47.22163686442736,55.55555555555556,40.50384293000326,3066.0,
2018-07-19,7270,3224,3072,3224,3181,2175800,3163.3,3177.0081478627953,3203.630139413507,102.6948989412897,3233.1515568903083,3093.448443109692,4.305499514289295,13.384596599187716,45.23331168175314,70.73170731707317,55.114833976622585,3072.0,
2018-07-20,7270,3210,3078,3231,3192,2056600,3170.0,3181.552120978659,3203.4671253637725,102.13716108452951,3240.5577777427834,3099.4422222572166,2.451929665513944,11.387188501939818,45.379005706068014,77.43682310469315,67.90802865910727,3078.0,
2018-07-23,7270,3170,3084,3189,3163,2022000,3171.0,3181.8153717098126,3201.420411602671,100.31515915537345,3241.9816877793137,3100.0183122206863,1.9986845469620675,9.756516707660264,43.03639855779217,73.78277153558052,73.9837673191156,3084.0,
2018-07-24,7270,3205,3089,3216,3191,1826700,3171.7,3185.8489404898514,3201.678370581327,100.21895527056614,3243.822395966856,3099.5776040331434,0.6611437117935566,8.167861440633411,46.33397086684391,74.34456928838952,75.1880546428877,3089.0,
2018-07-25,7270,3209,3094,3242,3199,2295600,3176.4,3191.1491331280654,3203.0105341688836,101.48358585858585,3252.936004599143,3099.863995400857,-0.7723037368568839,6.338581113461209,48.03103793222382,76.77902621722846,74.96878901373282,3094.0,
2018-07-26,7270,3244,3102,3250,3215,2429900,3187.8,3198.394745286604,3205.8094819729613,103.65736284889317,3259.3474667615856,3116.252533238415,-2.45733574079577,4.3360350120014015,50.48381835696966,84.50184501845018,78.5418135080227,3102.0,
2018-07-27,7270,3225,3113,3248,3215,2013000,3200.0,3206.322973416317,3209.4285351965086,103.91025641025642,3262.1288982680385,3137.8711017319615,-4.030054766747526,2.2470488817847984,52.1556876872626,90.18181818181819,83.82089647249892,3113.0,
2018-07-30,7270,3258,3123,3272,3249,2212400,3213.0,3215.173341886082,3213.985683287084,104.16000000000001,3259.3033476111655,3166.6966523888345,-5.570662883721525,0.3740824076452959,54.12696623908783,92.41379310344827,89.0324854345722,3123.0,
2018-07-31,7270,3274,3137,3282,3251,3330900,3220.5,3222.2327342704334,3217.9871162308586,102.35923246303868,3266.641087980243,3174.358912019757,-6.395977212681828,-1.089897433582741,53.94284966025539,91.33986928104575,91.31182685543739,3137.0,
2018-08-01,7270,3278,3154,3295,3257,2549100,3227.0,3233.2813280394494,3224.4884064684816,102.01988812927286,3286.32958789677,3167.67041210323,-8.096313767119227,-2.467876687072577,58.36580048439479,90.86538461538461,91.53968233329284,3154.0,
2018-08-02,7270,3283,3173,3290,3239,2943900,3232.2,3236.8665411231873,3227.3395665560506,101.62449234614184,3290.610957876075,3173.7890421239244,-7.613578088257327,-3.586266437491607,52.725013648825005,86.64495114006515,89.61673501216514,3173.0,
2018-08-03,7270,3257,3190,3274,3240,2201800,3238.6,3242.1635336462455,3231.2056107966987,101.99875078076201,3296.3941173477087,3180.805882652291,-7.652539225955934,-4.658624634482496,54.76515891416745,85.01805054151625,87.50946209898864,3190.0,
2018-08-06,7270,3270,3295,3285,3161,4137200,3243.5,3240.3156184378367,3231.285049733603,101.53942821237827,3288.5000000000086,3198.4999999999914,-5.874219404669475,-5.384776091867277,48.829947599546685,72.6530612244898,81.43868763535703,,3295.0
2018-08-07,7270,3292,3161,3368,3279,5709100,3257.3,3258.8036878127787,3242.356546839246,104.30711610486891,3324.531242737294,3190.068757262706,-9.566611543594718,-6.361921403727036,62.85561315749747,76.35270541082164,78.00793905894254,3161.0,
2018-08-08,7270,3342,3161,3345,3296,3775100,3267.9,3270.1121082104564,3250.2208934844107,103.29704510108864,3338.454659661861,3197.345340338139,-10.802488944075776,-7.289160648535926,59.502456779189785,75.18248175182481,74.72941612904539,3161.0,
2018-08-09,7270,3342,3165,3349,3323,2161100,3278.5,3282.2735430812836,3258.8988054558945,103.28071804394925,3355.2710883080417,3201.7289116919583,-12.045160139945892,-8.179727912224633,61.200771603669445,83.25281803542673,78.26266839935771,3165.0,
2018-08-10,7270,3350,3169,3351,3312,2304900,3286.2,3288.9510807028687,3264.9089257330393,102.37507711289328,3362.225258960435,3210.1747410395647,-11.68496340674119,-8.859094637004596,58.24166565095683,79.54911433172302,79.32813803965817,3169.0,
2018-08-13,7270,3295,3172,3297,3244,2949700,3286.7,3283.6872478478012,3264.4180330992563,100.15360983102919,3361.9598166354476,3211.440183364552,-8.35852366724248,-9.077155354178002,49.75053433303555,69.72624798711755,77.50939345142241,3172.0,
2018-08-14,7270,3282,3175,3298,3247,2223000,3290.4,3285.016839148201,3267.076230084077,101.13706207744315,3362.4344362093666,3218.3655637906336,-7.280363730696081,-8.986494239019875,53.57994373036239,62.31884057971014,70.53140096618354,3175.0,
2018-08-15,7270,3312,3178,3339,3290,2520500,3292.4,3288.2865047576197,3270.668607434167,100.60919890344198,3364.6119103749606,3220.1880896250395,-6.880367351152472,-8.905026379341557,55.009258039826015,59.74235104669887,63.92914653784217,3178.0,
2018-08-16,7270,3284,3181,3317,3261,3148500,3297.7,3291.5071402562344,3274.2017470080777,101.62926529357517,3365.192518103871,3230.2074818961287,-6.536358498809932,-8.781006298547558,55.37915820929419,67.14975845410628,63.07031669350508,3181.0,
2018-08-17,7270,3334,3184,3350,3327,2153900,3305.4,3300.8694783914652,3281.0815728633875,102.35762400489897,3374.225576641257,3236.5744233587434,-7.810064552615131,-8.996100203874853,59.77208578220184,75.52334943639292,67.47181964573268,3184.0,
2018-08-20,7270,3340,3187,3342,3292,2457900,3316.0,3307.62048232029,3286.773415991129,103.27970297029702,3366.57271991896,3265.42728008104,-8.201186664348825,-8.844386328403086,58.927800001505204,81.15942028985508,74.61084272678474,3187.0,
2018-08-21,7270,3333,3190,3340,3298,2445900,3312.7,3307.8713037166012,3288.996074537544,99.01256732495511,3360.2735220474747,3265.126477952525,-6.875140504178944,-8.408014279525661,54.15026045388664,81.64251207729468,79.44176060118087,3190.0,
2018-08-22,7270,3350,3193,3380,3331,3565600,3318.2,3320.2583394044923,3297.69646759648,101.65612767238783,3379.170812689365,3257.2291873106346,-8.858274164823797,-8.053915837845429,61.846520036104344,85.30805687203792,82.70332974639588,3193.0,
2018-08-23,7270,3369,3200,3374,3320,2370500,3318.3,3323.4840958764025,3301.7268210505804,100.0299670362601,3379.3969721017475,3257.203027898253,-8.174294668517177,-7.663841533598315,56.095266332101545,83.72093023255815,83.55716639396358,3200.0,
2018-08-24,7270,3344,3207,3353,3309,1834100,3318.4,3322.8506238988753,3303.554139032742,100.03012955709552,3379.5045006525843,3257.295499347416,-6.629007173532045,-7.471673034297156,53.55476756378944,81.53310104529616,83.52069604996409,3207.0,
2018-08-27,7270,3330,3213,3332,3307,1863400,3324.4,3322.3323286445348,3305.1987252001163,101.840490797546,3371.5864387298066,3277.2135612701936,-5.378996956203082,-7.2604100593534895,53.55476756378944,67.0061099796334,77.42004708582924,3213.0,
2018-08-28,7270,3375,3219,3387,3342,2863600,3330.0,3326.817359800074,3309.378852841718,101.70161045274992,3373.1184415302996,3286.8815584697004,-5.613482441196993,-7.1196450693584366,56.94679160353263,61.44578313253012,69.99499805248655,3219.0,
2018-08-29,7270,3333,3229,3350,3324,2024700,3333.7,3329.214203472788,3312.4409676640958,101.12019376324552,3373.1060908997824,3294.293909100217,-5.276411617466692,-6.9796509714314094,55.80879905810466,65.16587677725119,64.53925662980488,3229.0,
2018-08-30,7270,3323,3238,3330,3290,2887700,3334.3,3326.0843482959176,3312.3968708963052,100.18148820326678,3372.152873074602,3296.447126925398,-3.5935817793333626,-6.511152885511213,51.38541452221293,62.23776223776224,62.94980738251451,3238.0,
2018-08-31,7270,3287,3246,3319,3278,2023200,3330.1,3321.5235576966593,3311.257183774553,98.74364343404129,3372.2373943190823,3287.9626056809175,-1.8361713726185371,-5.803928964207848,49.71821757656212,51.173708920187785,59.52578264506706,3246.0,
2018-09-03,7270,3286,3254,3290,3258,1954600,3322.8,3311.2465472063577,3306.63146527976,97.81306171360096,3379.656310115956,3265.9436898840445,1.0714963295404232,-4.920969316016807,44.616282561059,31.31067961165049,48.24071692320016,3254.0,
2018-09-04,7270,3255,3387,3259,3201,2313100,3313.6,3294.1108113506557,3297.6683185471584,97.21970383801752,3399.0128795908527,3228.187120409147,5.22217919470404,-3.356474498291492,38.88645967604956,16.923076923076923,33.13582181830506,,3387.0
2018-09-05,7270,3200,3259,3211,3161,3131600,3293.1,3271.727027468718,3285.001486432181,93.92772511848341,3403.5117747344057,3182.688225265594,9.99426669743525,-1.3377454576301109,34.33559731775604,6.099815157116451,18.11119056394795,,3259.0
2018-09-06,7270,3173,3211,3202,3164,2386100,3275.9,3252.503931565315,3273.1013375689054,94.84721390053924,3404.984313531896,3146.815686468104,13.147856185517412,0.8596838044864954,33.871586938437844,4.858934169278997,9.293942083157452,,3211.0
2018-09-07,7270,3122,3202,3125,3071,3870600,3252.8,3222.7759440079844,3254.6912035056184,93.0421686746988,3419.302372355473,3086.2976276445274,18.431890417890372,3.5053379571635457,27.67006048029674,4.296875,5.085208108798477,,3202.0
2018-09-10,7270,3075,3125,3089,3066,2319000,3228.1,3195.5439541883507,3236.52208288291,92.56024096385542,3418.90765183818,3037.29234816182,22.180101577715504,6.593513959264935,26.58100887939632,3.476245654692932,4.21068494132397,,3125.0
2018-09-11,7270,3075,3089,3083,3047,3069700,3199.5,3171.0814170631957,3218.9698743580034,91.45503435912758,3396.095523855452,3002.904476144548,24.588733698898523,9.911863438861069,25.76204521363819,3.991811668372569,3.9216441076884947,,3089.0
2018-09-12,7270,3060,3083,3082,3048,3002000,3171.4,3150.70297759716,3202.972886728118,91.58682634730539,3359.791507239576,2983.0084927604244,25.55492363634903,13.15058626282578,25.62036411874243,3.296703296703297,3.588253539922927,,3083.0
2018-09-13,7270,3073,3047,3113,3066,2509000,3150.5,3142.029708943131,3192.975597946142,93.68961352657004,3316.9578024605603,2984.0421975394397,23.391885328276203,15.953703674036307,34.194687978598736,8.03921568627451,5.1092435504501195,3047.0,
2018-09-14,7270,3150,3048,3165,3129,4145700,3136.9,3146.2061254989253,3190.178038124035,95.88003635262042,3271.0356030291687,3002.7643969708315,18.346386001943756,17.8731358598589,43.99224301687537,18.235294117647058,9.857071033541615,3048.0,
2018-09-18,7270,3168,3052,3243,3161,3769000,3133.5,3161.6231935900296,3194.2602343477374,98.95865237366003,3255.664643002788,3011.335356997212,11.32031304252223,18.550706287394252,52.15810542985869,36.41912512716175,20.897878310361097,3052.0,
2018-09-19,7270,3267,3063,3305,3262,3830500,3138.7,3181.1462493009335,3201.7342109724577,101.61641280696301,3277.8806020966954,2999.5193979033043,4.462038637913338,17.936014280780707,56.12453673780714,56.587473002159825,37.080630748989535,3063.0,
2018-09-20,7270,3311,3082,3332,3301,3563400,3152.4,3204.210567609855,3212.3607899513427,104.320403658152,3324.6444774150946,2980.1555225849056,-2.1177790709884903,16.239832585613385,59.8075380285842,76.57864523536165,56.5284144548944,3082.0,
2018-09-21,7270,3340,3107,3370,3333,4905700,3172.8,3234.3541007716994,3228.12471105785,106.44346178142767,3389.293510295342,2956.3064897046584,-9.368185548674774,13.150935255995035,64.85787077784829,90.46015712682379,74.54209178811509,3107.0,
2018-09-25,7270,3372,3138,3400,3350,4612700,3203.9,3264.471536995027,3245.312240051804,110.06798316607316,3450.5567655670525,2957.2432344329477,-15.37251653207295,8.978422132685207,67.01747203520756,97.50260145681582,88.18046793966708,3138.0,
2018-09-26,7270,3331,3174,3361,3285,3209500,3228.2,3273.8403484504765,3252.3810160835415,107.90758216726326,3466.2131088826836,2990.186891117316,-15.087063150617723,4.570000260516736,56.540254237812356,91.83673469387756,93.26649775917237,3174.0,
2018-09-27,7270,3400,3205,3464,3382,6993500,3262.4,3297.3239214594805,3267.442914545985,111.17281934008494,3492.641959685894,3032.158040314106,-18.44500045699806,-0.3188801942996078,62.99327715791145,87.08815672306322,92.14249762458552,3205.0,
2018-09-28,7270,3469,3246,3498,3440,6022200,3304.5,3330.5377539213932,3288.6986231813066,113.76266753841125,3524.302183792613,3084.697816207387,-23.704373388793556,-5.551797829529581,67.58132041823126,86.65028665028665,88.52505935574247,3246.0,
2018-10-01,7270,3410,3291,3415,3352,4823300,3334.9,3344.4399804811396,3300.5287609082175,109.79697067354172,3515.3936563982297,3154.4063436017705,-23.165968192201035,-10.164281628879003,59.98805662494889,87.11144806671722,86.94996381335568,3291.0,
2018-10-02,7270,3435,3328,3473,3410,3260600,3360.2,3357.8145294845685,3312.275884857648,107.99368088467614,3505.916985969387,3214.4830140306126,-22.596402576285982,-13.93280558652436,60.704527982357604,86.0310421286031,86.59759228186897,3328.0,
2018-10-03,7270,3401,3352,3427,3377,3159900,3377.5,3366.211887760102,3321.44829640017,105.35437944908696,3496.355374300041,3258.644625699959,-20.869422695473077,-16.747412401345073,59.2503415781499,80.39940828402366,84.5139661597813,3352.0,
2018-10-04,7270,3458,3377,3487,3450,4605400,3398.0,3385.809726349174,3336.7034668024944,106.27103089629857,3505.058862314164,3290.941137685836,-22.289023308599553,-18.988661761079634,63.90607202953465,85.14628657164292,83.85891232808986,3377.0,
2018-10-05,7270,3450,3377,3485,3441,3108500,3412.6,3398.2079579220517,3348.4331201515456,104.41354292623942,3505.462048222098,3319.737951777902,-21.641090698759854,-20.352317888866864,61.73578357767764,87.05035971223022,84.19868485596557,3377.0,
2018-10-09,7270,3400,3498,3417,3351,4043500,3412.8,3393.442874663497,3350.7898081416897,100.0593471810089,3505.3021080841045,3320.297891915896,-16.751995064445055,-20.505593281352656,53.68566605486528,82.95254833040421,85.04973153809242,,3498.0
2018-10-10,7270,3342,3417,3370,3333,2601000,3406.6,3383.362351997407,3349.5108273249325,98.1764705882353,3509.4365693710324,3303.7634306289674,-11.357776633080448,-20.0912281127374,50.73177122149951,64.96815286624204,78.32368696962544,,3417.0
2018-10-11,7270,3198,3370,3279,3191,5228500,3399.0,3357.2964698160604,3338.5597445724966,97.708082026538,3533.770916743944,3264.229083256056,-2.8337587216005886,-18.35664569769324,43.33114178843761,38.18181818181819,62.03417312615477,,3370.0
2018-10-12,7270,3205,3279,3284,3205,3502600,3385.3,3340.6971116676855,3331.303770103355,95.97414046429621,3541.7660985645225,3228.833901435478,1.8235382868351735,-15.520211067067825,45.59855676236654,23.52941176470588,42.22646093758866,,3279.0
2018-10-15,7270,3219,3273,3247,3204,2367100,3359.9,3319.8430913644697,3320.7733930774866,92.70114942528735,3528.613840570365,3191.186159429635,6.766215083719999,-12.19441292529882,42.76368758001027,17.263843648208468,26.32502453157747,,3273.0
2018-10-16,7270,3234,3191,3286,3232,2662700,3347.2,3312.5988929345663,3316.696053764325,96.2723803933079,3518.913249343207,3175.4867506567925,7.41152814365023,-8.860198400861464,47.508202556720605,21.606948968512487,20.800068127142236,3191.0,
2018-10-17,7270,3334,3192,3343,3292,2150100,3338.0,3315.0354578555543,3317.626448389004,97.3083674663546,3503.2924680679744,3172.7075319320256,5.497231502874911,-5.930570156600576,51.217828024386364,28.121606948968513,22.33079985522978,3192.0,
2018-10-18,7270,3340,3198,3342,3301,2154100,3327.9,3312.8471927909077,3316.163803548531,97.03290246768508,3488.0910109837696,3167.7089890162306,5.093792807492719,-2.8880350325903237,49.34026391036085,36.48208469055375,28.736880202678208,3198.0,
2018-10-19,7270,3260,3203,3298,3251,1889600,3309.6,3308.8749759198336,3313.647423191243,94.73229706390327,3437.3816888290417,3181.818311170958,5.217809911925997,0.09628725748588193,48.34449460210359,38.13186813186813,34.245186590463426,3203.0,
2018-10-22,7270,3273,3208,3316,3262,1982800,3293.7,3306.3522530253185,3311.782680870495,95.39664157498552,3377.7335647226855,3209.666435277314,4.95659656994485,2.508352994640316,48.71603181500174,35.15016685205784,36.588039891493196,3208.0,
2018-10-23,7270,3262,3213,3265,3232,2573900,3280.0,3293.379116111624,3304.1044127774258,95.93712930011863,3352.365737749308,3207.634262250692,7.396495336298358,4.592160991237961,43.64500199967885,27.927927927927925,33.736654303951255,3213.0,
2018-10-24,7270,3025,3343,3073,3008,10981000,3247.0,3241.492004091329,3274.493971478793,90.11384062312762,3417.6716145116147,3076.3283854883853,19.29745772163551,7.051185040486416,30.647106809139586,13.818860877684408,25.63231855255668,,3343.0
2018-10-25,7270,2942,3073,3027,2917,7312400,3222.0,3195.7661851656326,3246.0445743128494,92.28395061728395,3452.2798297723903,2991.7201702276097,27.590495098736483,9.914180241808785,29.887038325651886,8.711839166046165,16.81954265721945,,3073.0
2018-10-26,7270,3003,3027,3037,2985,4127300,3196.8,3162.7177878627904,3222.840116868304,92.28413962033069,3455.6819035776753,2937.918096422325,31.247612858659068,12.634335550135347,32.297988499246415,10.989010989010989,11.173237010913804,,3027.0
2018-10-29,7270,3006,2917,3038,2997,1801600,3174.8,3134.22364461501,3201.156105170321,93.18040917544947,3456.4107952476265,2893.189204752374,33.13096602357109,15.492050870126555,31.904165799962712,17.02827087442472,12.243040343160574,2917.0,
2018-10-30,7270,3024,2919,3041,3008,2483100,3148.0,3112.001163775917,3182.240494644533,91.82926829268293,3435.413291272342,2860.586708727658,33.10951382678604,18.56008223945001,32.568268926028225,20.37708484408992,16.13145556917516,2919.0,
2018-10-31,7270,3026,2923,3056,3015,3201400,3120.7,3101.273679453023,3169.3164451746957,91.7919422730006,3386.334410421541,2855.0655895784585,30.18393037583064,21.34787530259867,37.08366339821954,24.521072796934863,20.642142838483114,2923.0,
2018-11-01,7270,3045,2930,3075,3032,2932200,3095.4,3091.951192279746,3157.3848006527523,92.34029669996973,3333.5330720416628,2857.2669279583374,27.41326064361965,23.814036495009077,36.889015136297026,28.482003129890455,24.460053590305026,2930.0,
2018-11-02,7270,3000,2941,3052,2978,4988500,3071.1,3083.9600664107015,3146.446320583786,92.616226071103,3270.950844381502,2871.2491556184978,24.78655311278044,26.01736499976859,36.7505230846699,31.29890453834116,28.10066015505544,2941.0,
2018-11-05,7270,2950,3075,2970,2874,6276000,3031.2,3049.785508881483,3121.4016885178016,87.8907435508346,3191.773472279822,2870.626527720178,29.26119561151154,28.44677614145894,28.112330016981545,21.650264950794853,27.143724206342103,,3075.0
2018-11-06,7270,2873,2970,3021,2865,6985400,3002.4,3031.0972345393952,3103.9615196612544,91.09737248840804,3095.610299860038,2909.189700139962,29.0359937456833,29.52883569968647,33.73992192350266,17.128279883381925,23.359149790839258,,2970.0
2018-11-07,7270,2925,2965,2941,2878,5831700,2990.2,3004.7159191685964,3082.165367689767,95.94414893617021,3106.388811853801,2874.0111881461985,30.805518828947697,29.886060558598828,30.649382678797352,8.94774516821761,15.908763334131407,,2965.0
2018-11-08,7270,2909,2941,2909,2825,5534000,2974.2,2972.9493884106696,3056.948830915208,94.64882943143813,3125.0026524965583,2823.3973475034413,33.640104459805116,30.15189295872617,28.10427881535138,7.6109936575052854,11.229006236368216,,2941.0
2018-11-09,7270,2818,2909,2818,2711,7460900,2944.7,2926.7767723360025,3023.1539478169534,90.21234240212343,3156.0708589186247,2733.329141081375,39.6468976726992,30.875885364184846,23.87267914385889,2.272727272727273,6.277155366149999,,2909.0
2018-11-12,7270,2690,2818,2694,2637,5788000,2911.6,2880.9991773658203,2988.3385530290143,88.98868928809048,3172.1520293530575,2651.0479706469423,44.52389930380605,32.14415041718707,22.43091724727489,3.4389750505731627,4.440898660268517,,2818.0
2018-11-13,7270,2625,2694,2628,2583,6216000,2870.6,2830.2720542083985,2949.7046977198775,86.38778220451528,3179.585695461774,2561.614304538226,49.82451889089907,34.32643802997245,20.24622027319252,4.380053908355795,3.3639187438853533,,2694.0
2018-11-14,7270,2629,2583,2708,2629,5462200,2832.8,2802.0407716250534,2922.2342279438994,87.61873566983294,3135.70698242199,2529.8930175780106,48.51033772244227,36.67055770539719,27.817365648308495,10.478199718706048,6.099076225878278,2583.0,
2018-11-15,7270,2644,2583,2662,2612,3102400,2790.9,2770.942449511407,2893.110805145702,86.26229508196721,3077.5167475916137,2504.2832524083865,48.15888161695011,39.26748309474937,26.202741151998282,10.772357723577237,8.543537116879635,2583.0,
2018-11-16,7270,2615,2708,2630,2525,6375900,2739.4,2727.6801859638786,2857.0997246268953,83.10367454068242,3007.1778183494553,2471.622181650545,50.962238049633925,41.67871003231853,23.000520301931516,9.647979139504564,10.299512193929226,,2708.0
2018-11-19,7270,2515,2630,2566,2510,3510900,2702.5,2691.1928794249916,2824.08975216071,87.25828729281768,2975.4369890652297,2429.5630109347703,51.56874892561564,44.18234949675545,22.81666902313843,4.542626011200996,8.320987624760876,,2630.0
2018-11-20,7270,2500,2566,2552,2495,3674300,2662.9,2665.703264984084,2796.7807769420365,86.56260604004072,2894.180695260094,2431.619304739906,49.28488709010753,46.235612636884326,25.385850957671025,4.778761061946903,6.323122070884097,,2566.0
2018-11-21,7270,2522,2495,2587,2513,4764000,2632.5,2650.4844895324322,2775.3026992459904,89.46638946638946,2812.784774731512,2452.215225268488,44.79166101406781,47.47467447624685,28.68779960599629,9.400705052878966,6.240697375342232,2495.0,
2018-11-22,7270,2621,2495,2626,2572,3481100,2610.6,2643.305491435626,2758.872429320123,92.26148409893993,2733.7525882797095,2487.4474117202903,39.03342610062373,47.40651096823846,31.73142332805932,15.574263379434756,9.917909831420152,2495.0,
2018-11-26,7270,2629,2500,2654,2607,2844400,2600.7,2639.068129356421,2744.985186387146,96.35895549834498,2701.2467055650827,2500.153294434917,33.519130894580485,46.18375892276895,32.69154427468041,20.385332504661278,15.120100312324944,2500.0,
2018-11-27,7270,2630,2509,2631,2581,3572600,2593.6,2632.6921058370717,2730.88666774755,97.34579439252336,2681.3733444730874,2505.8266555269124,29.493480881425967,43.924754699494166,31.834380793924836,23.364485981308412,19.77469395513476,2509.0,
2018-11-28,7270,2603,2517,2615,2544,3817500,2590.7,2621.838995684877,2715.0980009719065,98.88547271329746,2679.085745457009,2502.3142545429905,27.29170299924681,41.56712861913911,30.183108900364346,22.51082251082251,22.086880332264013,2517.0,
2018-11-29,7270,2577,2525,2588,2564,2502300,2580.7,2613.322814651263,2701.0882008740064,96.26168224299066,2649.0230561376684,2512.3769438623312,24.86921634056398,38.979388032873985,30.433819862829864,22.56973795435334,22.815015482161368,2525.0,
2018-11-30,7270,2565,2654,2580,2519,6448800,2569.9,2596.90048471467,2683.2793807857943,95.89509692132269,2637.1395716820894,2502.660428317911,24.864172561130545,36.07960297859583,27.653347628609254,19.57894736842105,21.553169277865578,,2654.0
2018-12-03,7270,2569,2580,2627,2546,4475400,2577.3,2598.7367602210934,2675.651442706902,102.92143703118832,2642.9356610387294,2511.664338961271,20.218783770093978,32.59627351687121,37.57494613114733,29.372496662216292,23.84039399499684,,2580.0
2018-12-04,7270,2602,2519,2624,2554,4189100,2580.2,2590.9664401808946,2663.68629843577,101.14760585674713,2638.884239792222,2521.5157602077775,18.805942626313026,29.20972413200515,34.48292221696556,31.455399061032864,26.80228103055668,2519.0,
2018-12-05,7270,2515,2624,2539,2481,4416500,2578.3,2580.245269238914,2650.5176685917554,99.25519404155233,2641.6848562354685,2514.915143764532,18.378605771251387,26.274940216136656,33.10244177891066,36.902800658978585,32.57689879407586,,2624.0
2018-12-06,7270,2525,2539,2559,2497,3733200,2570.6,2566.5643111954746,2635.9659017321446,97.01781564678544,2647.5685650118985,2493.6314349881013,18.769989876401723,24.023447302334212,31.57116395254431,23.985890652557316,30.78136345752287,,2539.0
2018-12-07,7270,2549,2481,2553,2513,2826200,2562.2,2559.3708000690244,2625.069311558637,96.7828418230563,2638.0250618198934,2486.3749381801063,17.442004043691213,22.237099874457627,34.24045755830403,22.960151802656547,27.949614371397427,2481.0,
2018-12-10,7270,2500,2553,2505,2446,3371900,2546.4,2541.6670182382927,2608.7623804023783,93.96946564885496,2632.6006960528184,2460.1993039471818,19.00638274020457,21.07186674765525,30.459859954739073,15.523465703971121,20.82316938639494,,2553.0
2018-12-11,7270,2452,2505,2456,2401,4227600,2526.2,2516.2730149222393,2588.08614236169,92.24270353302612,2639.389398796839,2413.0106012031606,22.249765773529816,20.51165150035336,27.44725372861585,9.936908517350158,16.140175341325886,,2505.0
2018-12-12,7270,2450,2401,2510,2443,4967500,2517.4,2510.587012209105,2577.7775281253184,96.5798678585309,2628.3277242171216,2406.4722757828786,19.929909187672365,19.962839594476513,36.7644883032977,14.145658263305322,13.202010828208811,2401.0,
2018-12-13,7270,2510,2401,2543,2488,2667300,2512.9,2514.116646352904,2572.9997753127022,98.25242718446601,2617.591737973871,2408.208262026129,15.669393677625521,18.94119749630929,41.175238417164614,28.19499341238472,17.42585339768001,2401.0,
2018-12-14,7270,2503,2406,2514,2477,3851500,2508.7,2508.0954379251034,2563.7997977812856,98.33531510107015,2614.7944861903275,2402.605513809672,14.564755680743474,18.312972153048122,38.062007352807015,39.809782608695656,27.38347809479518,2406.0,
2018-12-17,7270,2465,2411,2494,2448,2387200,2494.6,2500.441721938721,2554.019818003017,94.59148446490218,2580.185980160242,2409.014019839758,14.061162092677023,17.785774315977456,37.1363415649703,38.645980253878705,35.55025209165297,2411.0,
2018-12-18,7270,2465,2416,2490,2455,2541300,2484.8,2492.72504522259,2544.4178362025914,96.1658841940532,2562.05697379518,2407.5430262048203,13.65684759944179,17.26113451910972,36.62475321946031,29.61876832844575,36.02484373033999,2416.0,
2018-12-19,7270,2461,2421,2483,2441,2688600,2477.4,2486.4114006366644,2535.7760525822323,97.07740916271722,2549.1339529092675,2405.6660470907327,12.962947093269122,16.6159075432061,36.62475321946031,26.40117994100295,31.555309507775757,2421.0,
2018-12-20,7270,2416,2543,2435,2361,3736400,2464.0,2465.4275096118163,2519.298447323837,94.65069860279442,2557.0118272048708,2370.9881727951292,16.109754532375064,16.467879819726527,31.203247152869977,17.270194986072422,24.43004775184033,,2543.0
2018-12-21,7270,2409,2435,2416,2351,5111200,2447.9,2447.3497805914863,2503.9686025913093,93.62880886426593,2547.2396194878374,2348.5603805121627,17.974985582465706,16.35328013553332,30.919964705605395,10.718954248366012,18.130109725147083,,2435.0
2018-12-25,7270,2316,2416,2316,2209,4156000,2422.8,2404.377093211216,2474.671742331931,89.80503655564581,2595.187470542345,2250.412529457655,25.838373198451336,16.752014293857933,23.72825622005014,3.0371203599550056,10.342089864797769,,2416.0
2018-12-26,7270,2242,2316,2294,2231,3786800,2409.9,2380.490348990995,2454.5045680985845,94.62947543713572,2604.4629975097723,2215.337002490228,27.504716409319826,17.59365954070765,30.674220152980197,8.324768756423433,7.360281121581438,,2316.0
2018-12-27,7270,2373,2209,2398,2340,4017700,2400.7,2382.764830992632,2448.354111288684,96.29778672032194,2588.780940023138,2212.6190599768615,22.247942077928656,18.324609362963557,41.73425278837608,23.946360153256705,11.769416423211668,2209.0,
2018-12-28,7270,2369,2212,2392,2335,2527800,2383.7,2378.6257708121534,2439.5187001597615,93.2806324110672,2551.6096185451775,2215.790381454822,19.52803508197394,18.876084851989162,39.85137417082767,38.81322957198444,23.694786160554813,2212.0,
